songName,artists,lyricists,musicComposers,genres,lyrics,metaphors
Seethala Sanda Eliye – සීතල සඳ එළියේ,Gunadasa Kapuge,Hudson Samarasinghe,Gunadasa Kapuge,Old Pops,"සීතල සඳ එළියේ.. පිදුන සුවඳ මලේ
නෑඹුල් සුවඳ පැතූ… බඹරො නුඹ නාඬන්
බඹරො නුඹ නාඬන්
සඳලු තලාවේ මුනින්තලාවී
ඈත බලගෙන කඳුලු සලන්නී//
පරසතු මල් මකරන්ද සුවඳ මැද
බඹරො නුඹ නාඩන්   බඹරො නුඹ නාඩන්
සදාහරිත වන රේඛා මැද්දේ
මලානිකව ගලනා සඳ එළියේ//
රෑ හීනෙන් මුව ගෑ අඳුනක් දැක
බඹරො නුඹ නාඩන්   බඹරො නුඹ නාඩන්","[{'metaphor': None, 'interpretation': None}]"
Senehe Sithin – සෙනෙහෙ සිතින්,Gunadasa Kapuge,Kularathna Ariyawansa,Gunadasa Kapuge,"Classics,Old Pops","සෙනෙහෙ සිතින් - සැනසිල්ලෙන්..
එක සිතිවිල්ලෙන්...
වෙමින් එකම මවකගෙ දරුවන්..
නුවන් පියෙන තුරා ඉදිමු අපි හසරැල්ලෙන්…//
එකම අහසකිනි කාටත් සෙවන සැදෙන්නේ
පොළව සැවොම සම සිතකිනි උසුලා ඉන්නේ
එවන් පොළව මත යුධ වැද උරුම සොයන්නේ
තරඟ වැදී නොමිනිස්කම් ඇයි මිනිසුන්නේ
බෙදුම් පවුරු සීමා මැද පිල් බැදගන්නේ
තමන් සුව පතා අනුනට තැවුල් සදන්නේ
කෙනෙක් නසන මං සලසා කෙනෙක් දිනන්නේ
ජීවත් වන ටික ඇයි මේ සටන් වදින්නේ","[{'metaphor': None, 'interpretation': None}]"
Sinhala Sindu Kiyana – සිංහල සිංදු කියන,Gunadasa Kapuge,Rathna Sri Wijesinge,Gunadasa Kapuge,Old Pops,"සිංහල සිංදු කියන  නළලේ තිලක තියන කිරිල්ලී
තුඩින් හදවතක් අරගෙන
ගිණිගත් තල් අරඹට ආවාදෝ ඉගිල්ලී//
දිව නුහුරු බසින් පෙම් කවි කී  කුරුල්ලාට වශීවී
ගිනි මලින් තැනූ මල් පොකුරක් අතට ගත්ත මනාලී
මධුසමේ මධුර කටු අතරේ පිපී වැනුන සුරූපී
ගිනි අවිත් එක්ක පෙමින් බැදුනු විහඟ සෙනග අඩාවී
ඒ කදුළු සිංහලට නගන්න නුඹට හැකිය ප්‍රියාවී
ආදරය නුඹට බාරයි රැකගනින් දේවතාවී","[{'metaphor': 'කිරිල්ලී', 'interpretation': 'කාන්තාව'}]"
Sudu Nanda Ai – සුදු නැන්දා ඇයි,Gunadasa Kapuge,Lushan Bulathsinhala,Gunadasa Kapuge,"Classics,Old Pops","සුදු නැන්දා ඇයි ගෙයි දොර වැහුවේ
මාමණ්ඩි මට ඇයි මඟ හැරියේ
හීන් හඬට ඉකි බිඳුම් ඇහෙන්නේ
හීන් නඟා ඇයි ගේ මුල්ලේ
හීන් නඟා ඇයි ගේ මුල්ලේ
වෙනදා ඉඳිකඩ අද මට හරස් වෙලා
වයිරා දොරකඩ නොබලයි ඉව අල්ලා
රිදී පොටක් හංගාගෙන ආවා
හීන් නගේ නුඹ නෑ දන්නේ
හීන් නගේ නුඹ නෑ දන්නේ
තටු පොරවාගෙන සැළයා කූඩුවෙලා
කනප්පුවෙන් පැන හෙප්පුව බිම වැටිලා
පහන් පැළට අද පරමල් වැඩලා
ගලේ විහාරෙත් ගොලුවීලා
ගලේ විහාරෙත් ගොලුවීලා","[{'metaphor': None, 'interpretation': None}]"
Situ Kumariye – සිටු කුමාරියේ,Gunadasa Kapuge,Rathna Sri Wijesinge,Gunadasa Kapuge,Old Pops,"සිටු කුමාරියේ නුඹට සීතල අගුණයි
වේල් පටින් මිදුණු දාට වැහි පිනි අපලයි
ප්‍රේමාතුර නුඹේ හිතට අගහිඟ නරකයි
අගහිඟ නරකයි
කුලී ගෙදර වහල කැඩී සිංහල උළු බිඳී
නිල් තරු එළි හීන රටින් ගලා හැලෙන්නේ
කුමාරියේ නුඹට කෝම ඒක කියන්නේ
ඒක කියන්නේ
කණකර අන් සන්තක වී ජීවිත සින්න වී
පෝරුව ලෙඩ ඇඳක් වෙලා අම්මා නින්දේ
කුමාරියේ නුඹට කෝම ඒක කියන්නේ
ඒක කියන්නේ","[{'metaphor': None, 'interpretation': None}]"
Tharu Mal Yayama – තරු මල් යායම,Gunadasa Kapuge,Lushan Bulathsinhala,Gunadasa Kapuge,"Classics,Old Pops","තරු මල් යායම පොඩිකර අහස් විලේ
ඉර හඳ මිරිකා දියකර සාගරයේ
අඳුරේ උන්නෙමි ලොවම එපා වී
මා හැරදා ඈ ගිය දවසේ
මා හැරදා ඈ ගිය දවසේ
දුක පැවසූවෙමි අසනා කෙනෙක් නැතී
පාළු නැසූවෙමි තනියට කෙනෙක් නැතී
තැවුනේ දැවුනේ පිරිසිදු සිතකින්
එකම ළඳක් වෙත පෙම් කල උමතුවෙනි
නුවර උයන් මැද හමුවූ ළඳුන් නැතී
යටැසින් බැලු නෙත් රහසින් කතා නැතී
තැවුනේ දැවුනේ පිරිසිදු සිතකින්
එකම ළඳක් වෙත පෙම් කල උමතුවෙනි","[{'metaphor': 'අඳුරේ උන්නෙමි ලොවම එපා වී මා හැරදා ඈ ගිය දවසේ', 'interpretation': 'ඈ මා හැරැගිය පසු දුකින් කල් ගත කළෙමි'}]"
Ulaleno – උළලේනෝ,Gunadasa Kapuge,Ranbanda Senevirathna,Sena Weerasekara,Classics,"පාළුව දෙවනත් කරලා නාඬන් උළලේනෝ..
කාටත් නපුරු දා තනිකම් ඇතිවෙනවා
උළලේනෝ…‍……..උළලේනෝ
හීත හුලංහිරිකඩයි කැලේ අපට උරුමේ
උඹට පිහාටුයි මට පැල්පතයි තියෙන්නේ
උළලේනෝ…‍……..උළලේනෝ
ඉහිරුණ කිරි කොතලෙට ඉකි බිඳලා ඵල නැහැ
උඹටත් එක්කයි මේ පැල් කවිය කියන්නේ
උළලේනෝ…‍……..උළලේනෝ
සංසාරේ හැටි තමයි වියෝග ඇති වන්නේ
නිවනට ගිය දා මේ හැම ‍දුක් නැතිවන්නේ
උළලේනෝ…‍……..උළලේනෝ","[{'metaphor': None, 'interpretation': None}]"
Sanda Re Sihinaye – සඳ රෑ,Gunadasa Kapuge,Piyananda Wijesundara,Gunadasa Kapuge,Old Pops,"සඳ රෑ සිහිනයේ………රැඳෙනා දිගැසියේ
කල්පනා මීවිතේ පිරුණා ආදරේ//
කඳූලැල් පියන් වසනා වෙලේ
අඬනා.. යුග නෙතූ
තවරා කසුන් හසකැන් දොවා
ලංවී.. හද පිදූ
සරසා ආදරෙන් තනිවී මේ රැයේ
දහවල් පැයේ යනෙනා මගේ
දකිනා.. සැම නෙතින්
රැකවල් හෙලා ගෙනෙනා තුරා
සුරතේ..රැඳී අතින්
සැඟවී වෙන්වෙලා තනිවී මේ රැයේ","[{'metaphor': None, 'interpretation': None}]"
Unmada Sithuwam – උන්මාද සිතුවම්,Gunadasa Kapuge,Sunil Ariyarathna,Sarath Dasanayaka,"Classics,Movie Songs,Old Pops","උන්මාද සිතුවම් මැවේ බිඳේ
මිහිඳුම් වලා මැද අතීතයේ
බිඳුනු පෙමින් ගිනිගත් හදවත්
තනිවේවි එක්‌ටැම් ගේ
අනන්ත සයුරේ බියකරු දිවි දියඹේ
පාළු හුදෙකලා සුළඟ පමණී උරුමේ
කඩා හැලෙන සිත සදා සරණ මට
තනිවේවී එක්‌ටැම් ගේ
දහසක්‌ මල් මැද එකම මලයි පැතුවේ
එමල කිමද සරදම් කර සැඟව ගියේ
දැනේ තවම මට මලේ සුවඳ පොද
තනිවේවී එක්‌ටැම් ගේ","[{'metaphor': 'බිඳුනු පෙමින් ගිනිගත් හදවත්', 'interpretation': 'විරහ වේදනාවෙන් පෙළෙන සිත්'}]"
Uthuru Kone – උතුරු කොනේ,Gunadasa Kapuge,Chithra Vakishta,Gunadasa Kapuge,Old Pops,"උතුරු කොනේ නුඹ හිනහේ නඩරාජා මල්ලියේ
දකුණු කොනේ නුඹ හිනහේ  සුමනසිරි මල්ලියේ
උතුරු කොනේ නුඹ හිනහේ සෙල්ලම්මා නංගියේ
දකුණු කොනේ නුඹ හිනහේ  සෙනෙහෙලතා නංගියේ
කොතැනක හිටියන් ඉපදුනු මියයන
බිම එක නේ දෝ...
ඒ බිම එක්වී සුරකින යුතුකම
අප සතු නේදෝ
එක මවකගේ දරු කැල සේ හිනැහී
ඉන්නයි සැමදා...
නෙතු හමුවට කදුලැල්ලක් ලන්
නොමවන්නයි කිසිදා","[{'metaphor': None, 'interpretation': None}]"
Viduli Mini Pahan – විදුලි මිණි පහන්,Gunadasa Kapuge,Lushan Bulathsinhala,Gunadasa Kapuge,"Classics,Old Pops","විදුලි මිණි පහන් දැවී බොළඳ ගී සිනා රැළී
නිලංකාර අදුරේ සිරවී සැඳෑ සාදයේ
කුරා කුහුඹු මිනිසා වෙමි මා ඔබේ මන්දිරේ
කුරා කුහුඹු මිනිසා වෙමි මා ඔබේ මන්දිරේ
එන්න කන්න බොන්න මිහිරේ සැමටයි ආරාධනා
ඔබේ හඬ කිදී සිදී යයි කතා සරිත් සාගරේ
ඔබේ හඬ කිදී සිදී යයි කතා සරිත් සාගරේ
සුරාගෙන පිරූ විතේ විසුළු කෙලි නැටුම් සිනා
යොමා ඇස බලන් යළි සොඳුරේ මැදුරු දොර දිහා
දෙන්න කන්න බොන්න නොකියා දෙනෙතින් ආරාධනා
දෑත පා ඉඳුල් යදී ඇස් ගයා හංස ගීතිකා
දෑත පා ඉඳුල් යදී ඇස් ගයා හංස ගීතිකා
ඔබේ මන්දිරෙන් එහාමගේ ලොව බලා සිටී
පළා යයි ඔබේ ලොවෙන් මා දෙපා සමු නොදී","[{'metaphor': 'කුරා කුහුඹු මිනිසා වෙමි මා ඔබේ මන්දිරේ', 'interpretation': 'ඔබ මට අවධානයක් නොදේ'}]"
Sulan Kapolle – සුළං කපොල්ලේ,Nanda Malani,Sunil Ariyarathna,Rohana Weerasingha,Old Pops,"සුළං කපොල්ලේ තැනූ කැදැල්ලේ
කෑලි කැඩී බිඳී වැටෙයි
නිල් කඳු රැල්ලේ //
කූඩු කැඩී තැන තැන ගිය පුංචි කිරිල්ලී
දැන් ඔබ ළඟ සිටියි රුවක් විලස නොසෙල්ලී
යොදුන් ගණන් ඔබමැ සොයා ආ සියුමැල්ලී
පිළිගනු ඈ කොහි යන්ට ද නැවත ඉගිල්ලී
ඇයට මවක් පියෙක් නොමැත ක්ෂිතිජ වළල්ලේ
කඳුළ පමණි ඇයට උරුම දවස මුළුල්ලේ
ඔබ තනිකඩ කුරුළු රජෙකි වෙසෙන නිදැල්ලේ
ඇයට ලැගුම් දෙන්න සබඳ ඔබේ කැදැල්ලේ","[{'metaphor': None, 'interpretation': None}]"
Udangu Liyan – උඩඟු ලියන්,Nanda Malani,Dalton Alwis,Pandith Amaradewa,Inspirational,"උඩඟු ලියන් ගොතා බඳින
නීල වරල සරසන්නට
මා පිපුනේ නැත මේ දෙරණේ///
හිස් මිනිසුන් කුස් පුරවන
සිත් පුරවන බස් දොඩවන
බොජුන් මේස මත සුවඳ හමන්නට
මා පිපුනේ නැත මේ දෙරණේ
රට වෙනුවෙන් සටනට වැද දිවිදුන්
රණවිරුවකුගේ අවසන් ගමනට//
යන මහ ජනතා පා දූවිල්ලෙන්//
තැළී වෙළී සැනහී මියයන්නෙම් ...","[{'metaphor': None, 'interpretation': None}]"
Tharuda Nidana – තරුද නිදන,Nanda Malani,Sunil Ariyarathna,Rohana Weerasingha,Old Pops,"තරුද නිදන මහ රෑ
නිදමි ම හද නිදි නෑ
මතක පොතේ කඳුළින් කටු ගෑ
කවි කියවෙයි මහ රෑ //
පිණි විසිරෙන විට වටහා ගනු මැන
දෙනෙතින් කඳුළැලි ගලන තරම්
රෑහි හඬන විට හඳුනා ගනු මැන
රෑ තුන් යාමේ හඬන හැඩුම්
සුළඟ නොවේ මේ පාවී එන්නේ
කුටියක සිරවී හෙලන සුසුම්
අතු අග පරවී බිමට වැටෙන්නේ
සමනළ යුගයක පිපුණු කුසුම්","[{'metaphor': None, 'interpretation': None}]"
Wasanthe Nida Un – වසන්තේ නිදා උන්,Nanda Malani,Sunil Ariyarathna,Stanley Pieris,"Classics,Request","වසන්තේ නිදා උන් යොවුන් කෝකිලාවන්
ගයන්නේ සුපෙම් ගීත හේමන්තයේ දී
වසන්තේ ළපල්ලෙන් වැසී උන් කුසුම් කැන්
නටන්නේ පිපී දැන් හේමන්තයේ දී
විලාපෙන් විඩා වී රැඳී මං තලාවේ
වැසී අන්ධකාරෙන් වැටී මං මුලාවේ
වලාවක් ලෙසින් මා ඇදෙද්දී අයාලේ
ඔබෙන් නෙත් ලැබූයේ හේමන්ත කාලේ
සුසුම් ලා දිවා රැ වෙළී හුදෙකලාවේ
එපා වී සියල්ලන් පලා ආ වෙලාවේ
තුෂාරෙන් උදා වූ සඳක් සේ නිශාවේ
ඔබයි නෙත් සැදූයේ හේමන්ත කාලේ","[{'metaphor': None, 'interpretation': None}]"
Yadamin Banda – යදමින් බැඳ,Nanda Malani,Sunil Ariyarathna,Sarath Dasanayaka,Inspirational,"යදමින් බැඳ විලංගු ලා මගේ පුතා රැගෙන යන්න
ඉදිකටු ඇන ඇඟිලි තලා දෙතිස්වදය පමුනුවන්න
අළුත් ලොවක් ගැන සිතීම දඩුවම් දෙන වරද නම්
කුමට ‍එරට අධිකරනය නීතිය හා විනිසුරන්
කකා බිබී නටන අතර නරුම යහළු යෙළියන්
පන්දු කෙලින අතර ඉහල පාසල් වල අමනයන්
රටගිනි ගෙන ඇති වග දුටු මගේ එකම පුතනුවන්
එගිනි නිවන මඟ සෙවීම වරදක් දැයි මට කියන්
ගිනිගන්නා රටක කෙලින මී හරකුන් වැනි පුතුන්
කුමටද මට මහ විරුවෙකි සිරගෙයි මල මගෙ පුතුන්
කෝටිගණන් බිහිවේවා මගෙ පුතු වැනි තව පුතුන්
කිරි මව්ලස මම ඉන්නම් එවන් පුතුන් ලඟ උතුම්","[{'metaphor': None, 'interpretation': None}]"
Yanawanam Ane Man – යනවානං අනේ මං,Nanda Malani,Ajantha Ranasinghe,Rohana Weerasingha,"Classics,Request","යනවානං අනේ මං අරං
යන තැනකට යන්න රත්තරං//
හිඟා කකා කොළපතක් අරං
ලුණුයි බතුයි කමුකො රත්තරං//
සීත හිමේ කඳුපාමුල
හින්දි සින්දුවක් කිය කිය
හිඟාන ආ ලුණුයි බතුයි කමුකො රත්තරං
ඊට පස්සේ දුන්හිඳ ළඟ නටමු රත්තරං
සතය සතය එකතු කරල
රහසේ කැටයකට දමල
නුවරඑළියෙ ටජ් මහලක් හදමු රත්තරං
සාරි ඉරල ජනෙල් වලට දමමු රත්තරං","[{'metaphor': None, 'interpretation': None}]"
Yamuna Gan Thera – යමුනා ගං තෙර,Nanda Malani,Sunil Ariyarathna,Rohana Weerasingha,"Classics,Request","යමුනා ගං තෙර තමළු ලතා හෙවනේ…
යොහොඹු කුසුම් යහනේ රාධා බලාඉඳී…
ක්‍රිෂ්ණා.... ක්‍රිෂ්ණා.....ක්‍රිෂ්ණා
නළලත බබළන සඳන තලාවයි
සිරුරත ඝන නිල් මේඝ වළාවයි
මානස විල මැද රණ තිසරාණනි
වෘන්දා වනයේ වසන්තයයි
ක්‍රිෂ්ණා.... ක්‍රිෂ්ණා.....ක්‍රිෂ්ණා
මලයගිරේ මධු ගීත කලාවයි…
තෙබුවන රැකුමේ ඉසිඹු වෙලාවයි…
වන රේඛාවේ රණ මොණරාණෙනි
තරුද නොපායන රාත්‍රියයි…
ක්‍රිෂ්ණා.... ක්‍රිෂ්ණා.....ක්‍රිෂ්ණා","[{'metaphor': None, 'interpretation': None}]"
Yowun Wasanthaye – යොවුන් වසන්තයේ,Nanda Malani,Sunil Ariyarathna,D.R.Pieris,Movie Songs,"යොවුන් වසන්තයේ දුහුල් වළාකුලේ
යොවුන් වසන්තයේ දුහුල් වළාකුලේ
රෑන් මුදාගෙන පාවී යනු මැන ඉගිල්ලිලා
දිළිසෙන කඳුළේ කිරණින් නෑවී
සිඟිති ආදර දූපතක තනිවී
ගංඟාවක් සේ - ගලා බසිනු මැන
නිරන්තරේ සිනා සිසී නිරන්තරේ සිනා සිසී
හසරැලි ගවසා තුරු මුදුනේ
කල්පනා තෝතැන්නේ
තරු අහුරක් සේ රෑ ඇවිළෙනු මැන
අහස් ගඟේ දියඹ දිගේ  අහස් ගඟේ දියඹ දිගේ","[{'metaphor': None, 'interpretation': None}]"
Sudu Neluma Ko – සුදු නෙළුම කෝ,W.D.Amaradewa,Rathna Sri Wijesinge,Pandith Amaradewa,"Classics,Request","සුදු නෙළුම කෝ
සුදු නෙළුම කෝ සොර බොර වැවේ
මල් සුවඳ දුන් මහියංගනේ
පුන් පෝයදා පාළොස්වකේ
මල් නෙළා විකිණූ පන්සලේ
වැවට කලුවර යා වුනා
සංසාර දුක බෝ වුනා
නෙළු මල් මිට ඉහිරුනා
එහා ඉවුරට පාවුනා
සිහින් සිරිපොද වෑහුනා
ඉවුරු දෙකොපුල සේදුනා
සුදු නෙළුම් මල දෑස පියවී
මෙහා ඉවුරට පාවුනා","[{'metaphor': None, 'interpretation': None}]"
Sannaliyane – සන්නාලියනේ,W.D.Amaradewa,,,Classics,"සන්නාලියනේ සන්නාලියනේ
මේ හිමිදිරි උදයේ
සන්තෝසෙන් ඔබ හිනැහී හිනැහී
කාටද ඇදුම වියන්නේ කාටද ඇදුම වියන්නේ
මාලගිරා තටු සේම රුවින් යුතු
නිල්වන් ඇදුම වියන්නේ කාටද ඇදුම වියන්නේ
මාලගිරා තටු සේම රුවින් යුතු
නිල්වන් ඇදුම වියන්නේ
ඊයේ ඉපදුනු කුලුදුල් දූටයි
මේ පොඩි ඇදුම වියන්නේ
සන්නාලියනේ සන්නාලියනේ
මේ හැන්දෑ යාමේ
හැඩ වැඩ දමලා ලස්සන කරලා
කාටද ඇදුම වියන්නේ කාටද ඇදුම වියන්නේ
සැන්දෑ අහසේ රන්වන් පාටින්
දිලිසෙන ඇදුම වියන්නේ කාටද ඇදුම වියන්නේ
සැන්දෑ අහසේ රන්වන් පාටින්
දිලිසෙන ඇදුම වියන්නේ
ඒ කුලුදුල් දූ දීගෙක දෙන්නයි
සන්නාලියනේ සන්නාලියනේ
සීතල හද එළියේ
මැළවුණු මුහුණින් වෙව්ලන දෑතින්
කාටද සලුව වියන්නේ හීතල සලුව වියන්නේ
කණකොක් තටුවේ සුදුමැලි පාටින්
සීතල සලුව වියන්නේ කාටද සලුව වියන්නේ
කණකොක් තටුවේ සුදුමැලි පාටින්
සීතල සලුව වියන්නේ
මියගිය ඇයගේ මිනිය වහන්නයි
සීතල සලුව වියන්නේ","[{'metaphor': None, 'interpretation': None}]"
Sasara Wasana Thuru – සසර වසන තුරු,W.D.Amaradewa,,,Classics,"සසර වසන තුරු නිවන් දකින තුරු
පින් කෙත හෙළ රන් දෙරණේ
යළි උපදින්නට
හේතු වාසනා වේවා හේතු වාසනා
රත්නමාලි සෑ කිරණයි
මහ බෝ සෙවණයි
තිසා වැවයි සීගිරියයි
මගේ උරුමයයි","[{'metaphor': 'පින් කෙත හෙළ රන් දෙරණේ', 'interpretation': 'පින් කෙතක් වැනි මේ රන් භූමිය/ රට'}]"
Shantha Me Ra Yame (New Version) – ශාන්ත මේ රෑ යාමේ,W.D.Amaradewa,,,"Classics,Buddhist songs","ශාන්ත මේ රෑ යාමේ …….දේ
කුමුදු මලේ සිරියා
සඳ කාන්ති වැදී සෞම්‍යා//
එයි නැඟී හද ප්‍රේම තරංගා//
මේ අමා දහරේ……   මේ අමා දහරේ
නෙක තුරුලිය නැළැවෙන්නේ
මේ සීතල මඳ පවනේ
හා - ඇසේ වන කෝකිල ගීතේ//
සෝක යාවී සිඳීලා….. වෙසඟ මේ පුන් පෝදා
මා හිමි දිනූ ත්‍රෛලෝනා
මේ රැයේ ගීත ගයාලා මේ රැයේ ගීත ගයාලා
සුන්දර රඟ පාලා
අතිසෝබන මේ උයනේ
අපි නැළවෙමු පෙම් දහරේ","[{'metaphor': None, 'interpretation': None}]"
Swarna Wimaneta – ස්වර්ණ විමානෙට,W.D.Amaradewa,,,Classics,"ස්වර්ණ විමානෙට එහා ලෝකයෙන්
ඔරුවට ගොඩවී මා එනවා..
ස්වර්ණ වර්ණ රන් එළිය දකින්ට
නළ රැලි මත නැඟිලා එනවා....//
වැල්ලේ පාවී වැල්ලේ බිහිවන
සංගීතෙන් අප හමුවෙනවා...//
සැන්දෑ යාමේ පෙම් රස කළතා//
සාගර ජල කඳ නැලැවෙනවා....
මුතු බෙලි කටුකිලි කවඩි පුරාගෙන
ඔරුවට ගොඩවී මා එනවා...//
මගේ අනාගත පැතුම් විමානෙට//
සෙනෙහස පොදි බැද ගෙන එනවා...","[{'metaphor': None, 'interpretation': None}]"
Tharu Arundhathi – තරු අරුන්දතී,W.D.Amaradewa,,,Classics,"තරු අරුන්දතී නෙතු පහන් නිවා
දුර නිසොල්මනේ හිඳිනා
මඟ වනස්පති ලිය ලදල්ලකින්
පිණි පොදක් සෙමෙන් සලනා
ඔබ සැමරුම් රැඳි කවුළුව මානේ
කඳුලක පැල්ලම් ඉරි ඇඳුනා
අළුත් මලින් පිරි වනෝද්‍යානේ
සැඳෑ ‍බොල් හුළ‍ඟේ
මට තනියක් දැනුණා
වැලපෙන මා හද කැටපත් පවුරේ
හංස ගීතය ලියැවෙන දා
පළමු අරුණු රන් රේඛාවක් සේ
ප්‍රාර්ථනා සුව‍ඳේ
ඔබ එතැයි සිතුණා
පිපි මලින් මලේ රොන් සුනු විසිරී
හද දිදී සුසුම් රඟනා
ඔබ කවුළු පියන් හැර පාන්දරින්
කොයි ගියේද මට සිතුණා","[{'metaphor': None, 'interpretation': None}]"
Thanha Asha – තණ්හා ආශා,W.D.Amaradewa,,,"Classics,Buddhist songs","තණ්හා ආශා ඔලගු කරේ ලා
මග තොට නොබලා වගතුග නොසොයා
එළිය දකින්නද මේ යන්නේ
සැපත සොයන්නද මේ යන්නේ
කතරේ  ඒ……………………
ගිනිගත් වැලි තලයේ - තණ්හා ආශා
උතුරන ගංගා නියඟය ආදා //
වියළී යනවා ගහකොල මැළවී//
මල් හට ගන්නා වසන්තයම නෑ//
හැමදා…………………….
අප යන මේ ගමනේ - තණ්හා ආශා
අඳුරෙන් ගැලවි එළිය සොයන්නෝ
හැමදා අඳුරේ අඳුර දකින්නෝ
අඳුර දකින්නෝ
දිවියේ සාරය
දිවියේ සාරය මෙපමණි ඇත්තේ
අඳුරේ…………………………
අප හැම වල්මත් වී -තණ්හා ආශා
සැපත විනෝදේ උපත කදුළ වේ
විපත පියා වේ මේ ලොව සැපතේ
විපත පියා වේ මේ ලොව සැපතේ
පිය පුතු දෙදෙනා එකටයි ඉන්නේ
කිසිදා………………………..
නැත උන් වෙන් වන්නේ
තණ්හා ආශා………… තණ්හා ආශා…………
තණ්හා ආශා","[{'metaphor': None, 'interpretation': None}]"
Thaththa Unath – තාත්තා වුණත්,W.D.Amaradewa,Sunil Ariyarathna,Rohana Weerasingha,"Inspirational,Classics,Request","තාත්තා උණත් මා බත සරිකරන අ  අ
අම්මා නුඹයි මගෙ දරු දැරියන් රකින//
මට පෙර උරුම ආලය දරු කැලට දෙමින්
රෑ දහවල් දෙකේ වෙහෙසෙන විටදි නොමින්
ඔබ දුටු මුල් දිනේවත් හද නොනැගි පෙමින්
උතුරයි මසිත තව නුඹ වෙත තුරුළු වෙමින්
බැති බර හැඟුම් දනවන නුඹගේ සුවඳ
අතදරු පුතුගෙ මුව කමලේ ඇත නිඹද
අම්මා කෙනෙකු මිස නුඹ මගෙ බිරිඳ ලෙස
නොහැ‍ඟෙයි ලඟින් හිඳ මගෙ හිස සිඹින සඳ","[{'metaphor': None, 'interpretation': None}]"
Wakkada Langa – වක්කඩ ලඟ දිය,W.D.Amaradewa,,,Classics,"වක්කඩ ලඟ දිය වැටෙන තාලයට
තිත්ත පැටව් උඩ පැන නැටුවා
වැස්ස වහින්නට ඉස්සර අහසේ
වලාකුලෙන් විදුලිය කෙටුවා
කිව්වට වස් නැත නිල් නිල් පාටින්
කටරොළු මල් වැට වට කෙරුවා
තුන් දවසක් අමනාපෙන් සිටි කලු
නෝක්කාඩු බැල්මෙන් බැලුවා
ගල මතුපිට මල පිපෙන්න//
මල වට බඹරිඳූ නටන්න//
වැහි වැහැලා ගඟ පිරෙන්න//
ගඟ උතුරා හිත පිරෙන්න//
ගල මතුපිට මල පිපෙන්න
මල වට බඹරිඳූ නටන්න
වැහි වැහැලා ගඟ පිරෙන්න
ගඟ උතුරා හිත පිරෙන්න
ගලා හැලෙන වැහි වතුර වගේ නුඹ
හිනාවෙයන් කලු හිනාවෙයන්
වෙලා මගේ හිත ඉනාවකින් තව
හිනාවෙයන් කලු හිනාවෙයන්//","[{'metaphor': None, 'interpretation': None}]"
Wikasitha Pem – විකසිත පෙම්,W.D.Amaradewa,,,Old Pops,"විකසිත පෙම් පොකුරු පියුම්
ඔබේ පයට පොඩි වී ගියාදෙන්
පතිකුලයට අද මට පිටුපා යන
මගේ සොඳුරු ළඳුනේ
මගේ සොඳුරු ළඳුනේ
හිතේ කඳුළු බිඳු රෑ තනි යහනේ
ඉහ ඉද්දර හිඳ ඉකි බිඳිනා සඳ
ආදර සැමරුම් ප්‍රේම පුරාණේ
ඔබට විරහ ගිනි නොගෙනේවා
ඔබට විරහ ගිනි නොගෙනේවා
තනිකම රජයන පාලු විමානේ
ගොම්මන් කළුවර හඬා වැටෙද්දී
ඔබ දිවි අරණේ රුවන් විජිතයේ
මැණික් පහන් වැට දැල්වේවා
මැණික් පහන් වැට දැල්වේවා.","[{'metaphor': 'විකසිත පෙම් පොකුරු පියුම්', 'interpretation': 'නැතිවීගිය ප්‍රේමය'}]"
Weli Thala Athare – වැලි තල අතරේ,W.D.Amaradewa,,,"Inspirational,Classics,Buddhist songs","වැලි තල අතරේ හෙමිහිට බසිනා
නේරංජන නදියේ ගයා හිස
වැඩ සිට බුදු වුණු දා තිලෝ හිමි
මොක් සුව ලද මොහොතේ
සමාධි භාවනා - සමා……ධි භාවනා
හිම කඳු වැටියේ සීතල සෙවණේ//
චන්දන තුරු පිහිරා
චන්දන තුරු පිහිරා හැපීඑන
මල් මුවරද රසිනේ සුවඳ මුසු
කෝමල මද පවනේ
ගැටීලා පාවෙනා ගැටී…….ලා පාවෙනා
සත්සර නගලා-ටික ටික සෙලවී
සිරි මහ බෝ හිමිගේ
සිරි මහ බෝ හිමිගේ මනෝහර
පලුපත් අතු රිකිලි නටා ගිය
තාලෙහිරස නැගුනා
සරාගී ජීවනා - සරා……ගී   ජීවනා
සඟමිත් මෙහෙණි-දකුණේ සාකා
සිරිලක ගෙන ආදා
සිරිලක ගෙන ආදා සිටම තව
මහා මෙව්නා උයනේ නටයි කොළ
වන්නම ලෙස මහබෝ
සුමිරි නාදෙනා සුමි…….හිරි නාදෙනා","[{'metaphor': 'මෙව්නා උයනේ නටයි කොළ
වන්නම ලෙස මහබෝ', 'interpretation': 'මහබෝ වන්නම නටන්නාක් මෙන් මහමෙව්නා උයනේ කොළ සෙලවෙයි'}]"
Maha Wessaka – මහ වැස්සක,W.D.Amaradewa,,,Classics,"මහ වැස්සක පෙර නිම්ති පෙනෙනවා
කවුළුව අතරින් හිරි පොද එනවා
මල්පැණි වඩියක උණුසුම ලබනට
යන්නට ඕනෑ කඩමණ්‌ඩිය වෙත
කබාය ඉරිලා ඊට කමක්‌ නෑ
කවුරු බලන්නද කවුරු දකින්නද
මා දැන් මහළු වියේ -මා දැන් මහළු වියේ
පාරට බැස්‌සම නොවැ සීතල වැඩි
තනිකම ඊට වැඩියි
සිරිපොද වැස්‌සේ එකම කුඩය යට
තෙරපි තෙරපි අර යුවළක්‌ යන හැටි
මමත් ඔහොම ගිය හැටි මතකයි
මට හොඳ හැටි මතකයි
මීවිතකින් ගත උණුසුම් වූවත්
සිත උණුසුම් වේදෝ
එපා එපා මීවිත මගෙ දෙතොලට
එපා එපා මීවිත මගෙ දෙතොලට
ආපසු මම කුටියට යනවා
මා ආපසු යනවා","[{'metaphor': 'මල්පැණි වඩියක උණුසුම ලබනට යන්නට ඕනෑ කඩමණ්‌ඩිය වෙත', 'interpretation': 'සුරා පානය කිරීමට කඩමණ්ඩියට යා උතුයි'}]"
Ma Wawulan – මා වවුලන්,W.D.Amaradewa,,,Classics,"මා වවුලන් රෑ පුරාම රංචු ගැසීලා
මී ගස් යට මී වැහි වැහැලා
බාලේ මෙන් පාන්දරින් ඇහිඳින්නට යන්නට බෑ
මට තනියක් දැනෙනවා
දරට ගිහින් කුරුඳු කැලේ මග වැරදීලා
මං එනතුරු හඬා වැටෙද්දී
නුඹට දැනුණු පාළුව දුක මෙදා මටයි මලේ
නුඹ නැතිදා මට තනිකම දැනෙනවා
පැදුරු කොටේ තුරුළු වෙලා ගොම්මන් යාමේ
හොල්මන් ගැන කතා කියද්දී
මගේ ඇඟේ දැවටීගෙන අසා උන්නු මලේ
නුඹ නැතිදා මට තනිකම දැනෙනවා","[{'metaphor': None, 'interpretation': None}]"
Mala Ira Basina – මළ ඉර බසිනා,W.D.Amaradewa,Mahagama Sekara,Pandith Amaradewa,"Classics,Golden Oldies,Request","මළ ඉර බසිනා සැන්දෑ යාමේ
ඔබගෙන් සමුගන්නම්
අඳුරට ඉඩදී...අඳුරේ සැඟවී
අඳුරට ඉඩදී...අඳුරේ සැඟවී
ඔබගෙන් වෙන්වී මම යන්නම්
නිදි නැති යානේ රෑ යාමේ
කාන්සියේ ඔබ හිඳිනා වේලේ//
සුළඟේ දැවටී ඔබට හොරෙන්//
මම ඔබ වෙත එන්නම්
සියුමැළි දෑතින් ඔබ හිස අතගා
සියුමැළි දෑතින් ඔබ හිස අතගා
ඔබ නිදි කරවා මම යන්නම්
අළුයම පිබිදෙන ඔබගේ දෑසේ
මල් පෙති අග පිනි කඳුළක් රඳවා//
සුසුමක් වාගේ ඉන් පිටවී//
ඔබගෙන් වෙන් වෙන්නම්
අඳුරට ඉඩදී අඳුරේ සැඟවී
අඳුරට ඉඩදී...අඳුරේ සැඟවී
ඔබගෙන් වෙන්වී මම යන්නම්","[{'metaphor': 'මළ ඉර බසිනා', 'interpretation': 'හවස බැස යන හිරු'}]"
Me Guru Pare – මේ ගුරු පාරේ,W.D.Amaradewa,Sunil Ariyarathna,Sanath Nandasiri,"Classics,Request","මේ ගුරු පාරේ මේ දොල අයිනේ
අපේ රහස් ඇත සැගවීලා
අපේ රහස් ඇත ලියැවීලා
පටු මාවත් වල දූවිලි අතරේ
අපගේ ඉපැරණි පිය සටහන් ඇත//
දොල මත දිදුලන පෙණ පිඩු අතරේ
අපේ කතාවේ කෙටි පටුනක් ඇත
ඉර හද ඇසුවා ඇලදොල දුටුවා..
අතිනත් ගෙන අප දෙඩූ කතාබහ//
එනමුදු එදවස් සඟවනු හැකිවේ
ඉරට හදට ඇල දොලට කතා බැහැ","[{'metaphor': None, 'interpretation': None}]"
Muni Siripa – මුණි සිරිපා,"Nanda Malani,W.D.Amaradewa",S Mahinda Himi,Pandith Amaradewa,"Duets,Inspirational","මුණි සිරිපා සිඹිමින්නේ
සමනොළ ගිරි පෙදෙසින්නේ
මඳ සුළඟයි මේ එන්නේ
මගේ පුතා නැළැවෙන්නේ
ජාතික රණ දෙරණ මතේ
ගැටී වැටී මළ මොහොතේ//
සුන්දර සුරඹුන්ගෙ අතේ
නැළැවෙන බව සිතනු පුතේ
නිදහස් හිරු දෙවි එනවා
දෑ බැති මල් පිබිදෙනවා
සිරිලක් මව හිනැහෙනවා
මගේ පුතා නැළැවෙනවා
කැප්පෙටිපොළ සෙනෙවිසුරු
කර රුපුසෙන් මං දැදුරු//
අහිරුවිකුම් පෑ අයුරූ
නුඹට පුතේ වෙයි මියුරූ
ජාතිය රන් විමනක් වේ
ආගම මිණි පහනක් වේ
එය රැක ගන්නට මෙලොවේ
සමත් වෙතොත් පුත නුඹ වේ","[{'metaphor': 'සිරිලක් මව', 'interpretation': 'ලංකා මාතාව'}, {'metaphor': 'ජාතිය රන් විමනක් වේ', 'interpretation': 'ජාතිය ඉතා වැදගත්, වටිනා දෙයකි'}, {'metaphor': 'ආගම මිණි පහනක් වේ', 'interpretation': 'ආගම මැණික් පහනක් මෙන් වටිනා දෙයකි'}]"
Mindada Hee Sara – මින්දද හී සර,W.D.Amaradewa,,,Classics,"මින්දද හී සර ‍වැදී සැලෙන හද
නංවන දුක් ගී ඔබ‍ට ඇසෙනවද
චන්දන මල් අතුරා ඇති යහනට
කන්ද කපා පායන් රන් පුන්සඳ
තුරගෙකු පිට නැගි නීල වලාකුලු
ගුවන් ගැබෙන් ඔබ ඇදෙන වෙලේ //
පිබිදෙන දෑසින් බලා හිඳිමි මම
පිබිදෙන දෑසින් බලා හිඳිමි මම
කුසුම් සිනා කැන් හද පුරවා
මෙතුවක් කල් මුව මඩල වසා සිටි
අන්ධකාර සලු පටින් මුදා //
නෙත් මිණි පහනින් පහන් කරනු මැන
නෙත් මිණි පහනින් පහන් කරනු මැන
අනාගතේ මං පෙත පාදා","[{'metaphor': 'මින්දද හී සර ‍වැදී සැලෙන හද', 'interpretation': 'ආදරයෙන් පෙළෙන හදවත'}]"
Pa Wena Nil Walawe – පා වෙනා,W.D.Amaradewa,,,"Classics,Old Pops","පා වෙනා නිල් වලාවේ
නදී තලාවේ රිදී ජලාසේ
ඇගේ සිනාවේ කැළුම් සැඟවුණාදෝ
පා වෙනා නිල් වලාවේ
දියඹ සැළෙන අරුණු පෙළක අතරමං වෙලා
පාලු නිල් දියේ සැරි සරා..
සොයන රුව ඔබේ -අප්සරාවියේ
සොයන රුව ඔබේ -අප්සරාවියේ
තුරුනු සිතක පැතුම් වැළඳ ඈත පාවෙලා
සිහින නිම්නයේ සැරි සරා
පතන රුව ඔබේ අප්සරාවියේ
පතන රුව ඔබේ අප්සරාවියේ","[{'metaphor': None, 'interpretation': None}]"
Nim him Sewwa – නිම් හිම් සෙව්වා,W.D.Amaradewa,,,Old Pops,"නිම් හිම් සෙව්වා මා සසරේ
හමුවී, යුගයෙන් බැඳි යුගයේ
ලංවී වෙන්වී වරින් වරේ
ඔබ හා මා රන් හුයකිනි බැඳුනේ
දිවියේ ආශා, ගැඹුරින් ගැඹුරේ
ළයගින් සනහා, අපමයි තැවුනේ
ජන්මෙන් ජන්මේ රැව්දීලා
ඔබ මා නෙතඟේ රැඳුනා
ඉර හඳ සේ මා, පැතුමන් පැතුවා
සැනසුම් සයුරේ සුසුමන් හෙළුවා
අතරින් පතරේ වියැකීලා
සටනින්, අද මා දිනුවා","[{'metaphor': 'ළයගින් සනහා', 'interpretation': 'හදවතේ වේදනාවෙන් සනසා'}]"
Oba Ma Samaga – ඔබ මා සමග,W.D.Amaradewa,,,Classics,"ඔබ මා සමග අතිනත ගන්නා දවස
මේ මහ කන්ද බැලුවා හිද ගම සිරස
ඔබ ගම අතැර වෙන නුවරක ගිය විගස
මේ මහ කන්ද බැලුවා හොරැහින් මදෙස
වෑදිය නිල්ල සුදු නෙළුමට මිහිර පොවයි
පාළුව ලුහුබදින කිරළා හඩා වැටෙයි
නොකියූ රහස හද උතුරා වාන් දමයි
මතකයේ සුවද තවමත් මා සිතට දැනෙයි","[{'metaphor': None, 'interpretation': None}]"
Obe Namin | Swarnamaliye – ඔබේ නමින්,W.D.Amaradewa,,,"Inspirational,Classics","ඔබේ නමින් සෑය බඳිමි විමානයෙන් බසිනු මැනවි//
ස්වර්ණමාලියේ රූබර ස්වර්ණමාලියේ ස්වර්ණමාලියේ
උණා නීල වර්ණ වරල දෑලේ මල් ගැවසීයේ
නගා ඉන්ද්‍ර..චාප දෙබැම ඇසින් විදුලි මවන ලියේ
වනා ලමැද කිණිහිරි පෙති රත්නතිලක පැලදි ලියේ
සිනා සිසි ..විමානයෙන් බසින්න ස්වර්ණමාලියේ
අතේ ගිගිරි නාද සලඹ නුරා හඬින් හඬන ලියේ
කරේ පද්ම කැකුළු මාල හංස තුඩින් පිපෙන ලියේ
කනේ තෝඩු මිණ ඝන රන් මූණ ‍ඔපය කරන ලියේ
පමා නොවී  විමානයෙන් බසින්න ස්වර්ණමාලියේ
බාල චන්ද්‍ර පටුනලලත අලක පඬුන් රඟන ලියේ
ආල වඩන  දන්ත කැකුළු කුන්ඩ සමන් පිපෙන ලියේ
දෑල දෑත ස්වර්ණදාම පාන හඬට සැලෙන ලියේ
කෝල නොවී විමානයෙන් බසින්න ස්වර්ණමාලියේ","[{'metaphor': None, 'interpretation': None}]"
Paloswaka Sanda – පාලොස්වක සඳ,W.D.Amaradewa,,,Classics,"පාලොස්වක සඳ පායනු වැන්නේ
සොඳුරු කිඳුරු රුව ආල වඩන්නේ
සිතුම් පැතුම් ඉටු වේවිද මන්දා
පූරුවේ කල පිං අපට කොයින්දා
පූරුවේ කල පිං අපට කොයින්දා
සැතපෙන නින්දෙදි රෑ - තුන්යම හීන හතක් පෙනුනා
සඳ කිඳුරෙකු ලෙසිනා -එම සඳ ඔබේ රුව නෙත ඇඳුනා
සියුමැලි වත දකිනා - මා නෙත ආල මතින් බැඳුනා
මියුරු තෙපුල් නගනා - සවනත බිඟු ගී රැල් නැගුනා
සවනත බිඟු ගී රැල් නැගුනා
කියා ගන්න බැරුවා - සිතු දේ තොල් අතරේ රැඳුනා
මනාපදෝ මන්දා - මා සිත ආදර මල් පිපුණා
තුන්ඉරි ගෙලට ළඳේ - රිදියෙන් මාල පොටක් දෙන්නා
එරබදු මල් මාසේ - නැකතට කැන්දාගෙන යන්නා
නැකතට කැන්දාගෙන යන්නා","[{'metaphor': None, 'interpretation': None}]"
Paramitha Bala – පාරමිතා බල,W.D.Amaradewa,,,"Inspirational,Buddhist songs","නමෝ තස්ස භගවතෝ අරහතෝ සම්මා සම්බුද්ධස්ස//
පාරමිතා බල පූරිත පූජිත බුද්ධ දිවාකරයාණෝ
වෙසක් පොහෝදින දිනූ සේක ලොව
වෙසක් පොහෝදින දිනූ සේක ලොව
බුද්ධ දිවාකරයාණෝ //
සැනසෙමු පුදදී මුණි සිරිපාදේ
පිහිනමු පිහිනමු බුදු ගුණ මුහුදේ
සනසා මුලු ලොව නිවන් ලබා දී
පුන්‍ය මහෝධදි ශාන්ත සමාධී…//
සණරාමර ගුරු ලෝක ශිවන්කර
බුද්ධ දිවාකරයාණෝ//
මාර පරාජය කළ මුණිදුන් ගේ..//
කරුණා සීතල මෙත් දහරා
ගලා බසී තුන් ලෝ තලයේ
දුක් ගිමන් නිවා අම සෙත සාදා
බුදු රැස් කැටිවී නැගි ආලෝකේ
පිසලයි දුකදුරු මුළු තුන් ලෝකේ//","[{'metaphor': 'පිහිනමු පිහිනමු බුදු ගුණ මුහුදේ', 'interpretation': 'මහත් සේ බුදුගුණ මෙනෙහි කරමු'}]"
Pera Dinayaka Ma – පෙර දිනයක,W.D.Amaradewa,,,Classics,"පෙර දිනයක මා පෙම් කල යුවතිය
සිය පුතු නලවනවා
මගේම ගීයක් නැලැවිලි ස්වරයෙන්
ඈතින් මතු වෙනවා//
නුරාව වෙනුවට ඉඳුනිල් දෙනයන
දයාව වෑහෙනවා//
සිනාසුනෙමි මම අවිහිංසක ඇය
කෝල බැලුම් හෙලුවා
හිරුට සඳුට නොකියා හොර රහසේ
කාලය වියැකෙනවා
නෙත් අදන්නට බැරි ලෙස රූසිරි
කෙමෙන් මැකි යනවා
එදා වගේ තවමන් වැට අද්දර
නාමල් පූබුදිනවා
නොකා නොබි දුක් වින්ඳ අතීතය
යළි මට සිහිවෙනවා","[{'metaphor': None, 'interpretation': None}]"
Palu Anduru Nil – පාලු අඳුරු නිල්,W.D.Amaradewa,Mahagama Sekara,Pandith Amaradewa,"Classics,Request","පාලු අඳුරු නිල් අහස මමයි
ඈත දිලෙන තනි තරුව ඇයයි
යුගයෙන් යුගයට හදවත් ඉල්ලන
බලාපොරොත්තුව පැතුම ඇයයි
පාලු අඳුරු නිල් අහස මමයි
ඈත දිලෙන තනි තරුව ඇයයි
අසාර වූ මහ පොළොව මමයි
ගලා බසින දිය දහර ඇයයි//
යුගයෙන් යුගයට හදවත් නලවන
සදාකාලික වු සැපත ඇයයි
කැළෑව මැද ක‍ටු පඳුර මමයි
පිපී වැනෙන මල් පොකුර ඇයයි //
යුගයෙන් යුගයට හදවත් පුරවන
අඳුරු වේදනා කැටිය ඇයයි","[{'metaphor': 'පාලු අඳුරු නිල් අහස මමයි', 'interpretation': 'මම පාලු අඳුරු නිල් අහස වැනිය'}, {'metaphor': 'ඈත දිලෙන තනි තරුව ඇයයි', 'interpretation': 'ඇය ඈත දිදුළන තනි තාරකාවක් වැනිය'}, {'metaphor': 'යුගයෙන් යුගයට හදවත් ඉල්ලන බලාපොරොත්තුව පැතුම ඇයයි', 'interpretation': 'මම හැමදාම ඉල්ලන බලාපොරොත්තුව හා පැතුම ඇය වේ'}]"
Rae Hande Heenekin – රෑ හඳේ හේනකින්,"Niranjala Sarojini,W.D.Amaradewa",Lushan Bulathsinhala,Victor Rathnayaka,"Duets,Classics","රෑ ….       රෑ හඳේ හේනකින්
සීපද ඇහුනයි සීපද ඇහුනයි
හී ….       හීනෙකින් ඒ හඬට
මගෙ හිත බැඳුනයි මගෙ හිත බැඳුනයි
රෑණ බඹරු වටකර ගත් වැටකේ මල වැන්නේ
නුඹෙ රූ වරුණා සීපද මට කියන්න හිත දෙන්නේ
මී ….       මීරකින් කීවොතින්
ගී කවි සින්දු ගී කවි සින්දු
ආ ….       ආදරෙයි කෝළ පෙම්
රූබර ලන්දු රූබර ලන්දු
හව් හරනෙට පැල ඉනි වැට විතරයි කල එළියේ
මා කාන්සියේ රෑ වරුවම හිරිමල් සුරතලියේ
පා ….        පාළුවේ රෑ දවල්
කිමද තැවෙන්නේ කිමද තැවෙන්නේ
ගං ….       ගංගොඩින් කවුරු හෝ
කැන්දන් එන්නේ කැන්දන් එන්නේ
නපුරු බහට සුබා රුසිරු අඩුවක් නොම වන්නා
රෑ බැත පාගන කමතෙදි කවි කියමුද අපි දෙන්නා","[{'metaphor': None, 'interpretation': None}]"
Rathna Deepa – රත්නදීප,W.D.Amaradewa,,,Classics,"රත්නදීප ජන්ම භූමි ලංකා දීප විජය භූමි
මේ අපේ උදාර වූ
මාතෘ භූමියයි - මාතෘ භූමියයි
ආදි සිංහලේ වීර මී මුතුන් ලෙයින්
සාර වූ උදාර වූ
මාතෘ භූමියයි - මාතෘ භූමියයි
මාණික්‍ය සේ පොලෝ ගැබේ නිධාන වී//
ඇත්තෙ ඒ අභීත දූ පුතුන්….
ජාතියේ නාමයෙන් සංග්‍රාම  භූමියේ//
ජීවිතේ පුදා හෙලූ ලේ කඳයි
සින්ධූපමාන වැව් තලා මතින් ඇදී//
පද්ම රේණුයෙන් සුගන්ධ වී
රන් කරල් නමා හමා සිත් ප්‍රබෝධයෙන් පුරා//
එන්නෙ උන් හෙලූ ප්‍රාණ වායුවයි
ගංගා තරංග රාව දී රිදී වනින්//
මල් පිපී කුලින් කුලේ හැපී
ගායනා කරන්නේ ආකාශයේ නැගී
වීරයින්ගෙ ඒ යශෝ ගීතයයි","[{'metaphor': 'රත්නදීප ජන්ම භූමි ලංකා දීප විජය භූමි', 'interpretation': 'ලංකාව ඉතා වැදගත්, වටිනා දිවයිනකි'}]"
Re Duru Rata Me – රෑ දුරු රට මේ,W.D.Amaradewa,,,Old Pops,"රෑ දුරු රට මේ හිම වරුසා සීත පාළුවේ
මූදු සතකින් ඈත දේසේ මා තනිවේ
කල්පනා ලෝ පෙම් දැහැනේ
සිතිජ නිම්නයේ
ඈ තනි යහනේ
දෑත වෙන්වී පෙම් විහඟුන්
සිහින තොටුපලේ
රාත්‍රි යාමේ","[{'metaphor': None, 'interpretation': None}]"
Pile Padura – පිලේ පැදුර,W.D.Amaradewa,,,Classics,"පිලේ පැදුර හේනට අරගෙන එනවා
එලා පැදුර මැස්සේ එහි සැතපෙනවා
රටා වියපු අත් දෙක මට සිහිවෙනවා
හිතේ දුකට එතකොට කවි කියවෙනවා
ඉර පායා ඉර අවරට ගියාදෝ
සඳ පායා සඳ අවරට ගියාදෝ
හැඬූ කඳුළු මුහුදට එක් වුනාදෝ
හැඬූ කඳුළු මුහුදට එක් වුනාදෝ
ළමා ළපටි නෑනා කොයි ගියදෝ
ඔබේ කරට මල් මාලා ගොතන්නට
මදු මල් පිපෙනවා හේනේ වැට දිගට
ඔබේ කටින් ගී සීපද අහන්නට
ඔබේ කටින් ගී සීපද අහන්නට
තවමත් ගිරව් එනවා පෙර පුරුද්දට","[{'metaphor': None, 'interpretation': None}]"
Sanda Horen Horen – සඳ හොරෙන්,W.D.Amaradewa,,,Classics,"සඳ හොරෙන් හොරෙන් හොරෙන් බලා
වලා රොදක සැගවිලා
අපේ මියුරු පෙම් කතා අසා සිටිනවා
අසා සිටිනවා
කදුළු බිදු ගලා සදේ තුරු ලතා පුරා
සියොලගම සැලී මගේ නොහිම් සීතලේ
ඔබේ නෙත යදී…ම්...ම්. මහත් වියරුවෙන්
කියඹු වැල් ලිහී ඔබේ මාරුතේ සැලී
කොපුල් තල ගැටී මගේ සිතුම් සසලවයි
නිවාලන්න මා…ම්...ම්...ඔබේ සිසිලසින්","[{'metaphor': None, 'interpretation': None}]"
Sanda Tharu Nihadai – සඳ තරු නිහඬයි,W.D.Amaradewa,,,Classics,"සඳ තරු නිහඬයි ගහකොල නිසලයි
මුලු ලොව සැතපෙයි
සිතිවිලි විතරක් අවදි වෙලා
පියා නුවන් යුග නිවා හැඟුම් සිත
සැතපෙන්නට වෙර දරන පැයේ
පාලුව ත‍නිකම කුටියට අවුදින්
හදවත අවදි කලා
මවා නුවන් ඔබ ඔබේ තෙපුල් සඳ
සිහිනයකින් මෙන් ගලා රැයේ
සෙනෙහස හඬවා මතකය ඉකි බිඳ
හදවත අවදි කලා
හ හා…හ  හ හා…හහහා…. හහහා//","[{'metaphor': None, 'interpretation': None}]"
Mage Sanda Oba – මගේ සඳ ඔබ,Nanda Malani,Sunil Ariyarathna,Rohana Weerasingha,Classics,"මගේ සඳ ඔබ මගේ සඳ ඔබ
එදා සඳ නොව මෙදා සඳ ඔබ
මගේ සඳ ඔබ මගේ
එදා මට ඔබ සරා සඳ විය..
කවි ඇසින් දුටු සොඳුරු පියකරු..
අඳුරු හද ගැබ එකලු කරමින්..
උදාවිය ගිරි ශිඛර සිරසේ
මෙදා මට ඔබ සැබෑ සඳමය..
විදු ඇසින් දුටු ලොවය විසකුරු..
ප්‍රාණයෙන් තොර වියලි සඳසේ..
ඔබද අදමා අසල ගැවසේ","[{'metaphor': None, 'interpretation': None}]"
Malata Renu Se – මලට රේණු සේ,Nanda Malani,Dinuk Kumara,Anuradha Abeysinghe,New Pop,"මලට රේණු සේ ඔබ ලග ඉන්නම්
සදට තරුව සේ තනිය මකන්නම්
නෙතට කදුල සේ නෙත ලග ඉන්නම්
මියෙන තුරා ආදරෙයි කියන්නම් //
සිනා පිරුණු මුව නිරන්තරේ පෙනේවි නම්
ආල කතන්දර හොර රහසේ කියාවිනම් //
ඔබේ තුරුල්ලේ උණුසුම් සුව ලැබේවි නම්
මියෙන තුරා ආදරෙයි කියන්නම්
පාළුව මකනා කවියක් සේ ඇසේවි නම්
මා සවනේ රැවු දිදී රැදී ඉදිවි නම් //
ඔබ කිසිදා මා සිත නොතලා රැදේවි නම්
මියෙන තුරා ආදරෙයි කියන්නම්","[{'metaphor': None, 'interpretation': None}]"
Me Sinhala Apage – මේ සිංහල අපගෙ රටයි,Nanda Malani,Mahagama Sekara,Pandith Amaradewa,"Inspirational,Movie Songs","මේ සිංහල අපගෙ රටයි//
අප ඉපදෙන මැරෙණ රටයි
අප හද පණ ගැහෙන රටයි
මුළු ලොව ඒ රටට යටයි
අහස සිඹින ගිරි කඳුරු//
පොළව තෙමන වැව් සයුරු
මුහුද අවට බැඳි පවුරු
එරට අසිරි සිරි එයුරු
මවු බිම වෙනුවෙන් පොරණේ
දිවි දුන් විරු දරුවන්නේ
ලේ වලිනුයි ඒ දෙරණේ
මිණි කැට මුතු ඇට මැවුනේ
සමනොළ ගිරි වළලු බිමේ //
මුණි සිරිපා පිපෙන හිමේ
සම කරුණා ගුණ මහිමේ
අප උපතින් ලද උරුමේ","[{'metaphor': None, 'interpretation': None}]"
Mihimadale – මිහි මඬලේ,Nanda Malani,W.A.Abeysinghe,Nanda Malani,"Inspirational,Classics","මිහි මඬලේ අඳුරු කුසේ දිය උල්පත අම්මා
අහස් තලෙන් මරු කතරට වහින වැස්ස අම්මා
නිල් දෙරණේ තුරුලිය මත මල් සම්පත අම්මා
තුරුලිය මත පිපි කුසුමේ ඵල සම්පත අම්මා
සිය දහසක් නෙක ලෝදා….. එළිය කරන අම්මා
සොලොස් කලා පිරි පුරහඳ එළිය කරන අම්මා
සඳ නැති රෑ සක්වල තරු……….. එළිය කරන අම්මා
උදා ගිරෙන් ලොවට වඩින ලහිරු මඬල අම්මා","[{'metaphor': None, 'interpretation': None}]"
Manda Nawa Karanawa – මන්ද නාව කාරණාව,Nanda Malani,Sunil Ariyarathna,Rohana Weerasingha,Classics,"මන්ද නාව කාරණාව යන්න අපේ වන්දනාව
මට හරි පාළුයි ළමයෝ
මට හරි පාළුයි ළමයෝ ...//
කතරගමට ගියා තමයි මැණික් ගඟත් හිඳිලා
කිරිවෙහෙරේ මළුව වටේ පහන් වැටම නිවිලා//
ඉකි බිඳ බිඳ මං ඇඬුවලු මහ රෑ නින්දේදී
නඩේ ඈයො විහිළු කළා වැඩහිටි කන්දේදී//
ලොරි බාගේ මඟ හිටියා එනකොට රෑ ජාමේ
නිදි මැරුවා තැන් තැන් වල තිස්සමහාරාමේ//","[{'metaphor': None, 'interpretation': None}]"
Malakin Malakata – මලකින් මලකට,Nanda Malani,Dayananda Gunawardhana,Somadasa Elvitigala,"Request,Movie Songs","මලකින් මලකට ගොස් පැණි බොන්නද
මා හිමි බඹරුනි ඔබ සැරසෙන්නේ
මා හිමි බඹරුනි ඔබ සැරසෙන්නේ
කළුවර මහ රෑ කෙලෙසද හිමියනි
කළුවර මහ රෑ කෙලෙසද හිමියනි
මල්වල හැඩරුව හදුනා ගන්නේ
මල්වල හැඩරුව හඳුනා ගන්නේ
මලකින් මලකට ගොස් පැණි බොන්නද
අළුත් මලක් යැයි අමතක වී ඔබ
පැණි බිව් මලටම වැරදී එන්නේ
අළුත් මලක් යැයි අමතක වී ඔබ
පැණි බිව් මලටම වැරදී එන්නේ
ඒ ආ විට මම පෙති හකුළා ගෙන
නැවත නොයන ලෙස ඔබ රැක ගන්නේ
නැවත නොයන ලෙස ඔබ රැක ගන්නේ
මලකින් මලකට ගොස් පැණි බොන්නද","[{'metaphor': None, 'interpretation': None}]"
Muni Siripa – මුණි සිරිපා,"Nanda Malani,W.D.Amaradewa",S Mahinda Himi,Pandith Amaradewa,"Duets,Inspirational","මුණි සිරිපා සිඹිමින්නේ
සමනොළ ගිරි පෙදෙසින්නේ
මඳ සුළඟයි මේ එන්නේ
මගේ පුතා නැළැවෙන්නේ
ජාතික රණ දෙරණ මතේ
ගැටී වැටී මළ මොහොතේ//
සුන්දර සුරඹුන්ගෙ අතේ
නැළැවෙන බව සිතනු පුතේ
නිදහස් හිරු දෙවි එනවා
දෑ බැති මල් පිබිදෙනවා
සිරිලක් මව හිනැහෙනවා
මගේ පුතා නැළැවෙනවා
කැප්පෙටිපොළ සෙනෙවිසුරු
කර රුපුසෙන් මං දැදුරු//
අහිරුවිකුම් පෑ අයුරූ
නුඹට පුතේ වෙයි මියුරූ
ජාතිය රන් විමනක් වේ
ආගම මිණි පහනක් වේ
එය රැක ගන්නට මෙලොවේ
සමත් වෙතොත් පුත නුඹ වේ","[{'metaphor': None, 'interpretation': None}]"
Nisansala Ra – නිසංසල රෑ,Nanda Malani,Dalton Alwis,Pandith Amaradewa,"Classics,Request","නිසංසල රෑ ඔබේ වෙණ නද
නිසංසල රෑ ඔබේ වෙණ නද
මා සොයාගෙන හෙමින් ආවා මා සොයා ආවා
බඹර සරයෙන් සවන පාරා හද තුලට ආවා
දෑස කඳුළින් තෙමී වැසුණා//
නොලියු ගීතය   සිතේ ගුලිවී
නිදා සිටියා ඒ වෙලාවේ//
දෑස කඳුළින් තෙමී වැසුණා//
සහස් සුවහස් තාරකා
කන් යොමාගෙන නෙත් අයාගෙන
බලා හිටියා නීළ ආකාසේ
බඹර සරයෙන් සවන පාරා හද තුලට ආවා
දෑස කඳුළින් තෙමී වැසුණා
නිසංසල රෑ ඔබේ වෙණ නද","[{'metaphor': None, 'interpretation': None}]"
Obai Ramya Sanda – ඔබයි රම්‍ය සඳ කිරණ,Nanda Malani,Sunil Ariyarathna,H.M.Jayawardhana,Classics,"ඔබයි රම්‍ය සඳ කිරණ ඝණ අන්ධකාරේ
ඔබයි සෞම්‍ය තරු එළිය ගිම්හාන කාලේ …//
සදානන්ද කරවූ ඔබේ මධුර රාවෙන්
පිපී ආමි අරවින්දයක් සේ තඪාගේ
උදාවූ සුපෙම් දම් නුසුන්වී රැඳේවා
මගේ පුංචි ලෝකේ තැවුල් දුක් නොවේවා","[{'metaphor': 'ඔබයි රම්‍ය සඳ කිරණ ඝණ අන්ධකාරේ', 'interpretation': 'ඔබ දුක්බර ජීවිතයට සතුට ගෙනේ'}, {'metaphor': 'ඔබයි රම්‍ය සඳ කිරණ ඝණ අන්ධකාරේ', 'interpretation': 'ඔබ දුක්බර ජීවිතයට සතුට ගෙනේ'}]"
Osari Potin – ඔසරි පොටින්,Nanda Malani,Lushan Bulathsinhala,Gunadasa Kapuge,Old Pops,"ඔසරි පොටින් අදින්නෙපා වලාකුළයි ඉරෙන්නේ
රිදී පොටින් අදින්නෙපා තරු දෙපොටයි කැඩෙන්නේ
මූණට මගෙ එබෙන්නෙපා හඳ එළියයි නිවෙන්නේ
හැමදාමත් ඔච්චම් නෑ ඕලු විලට පනින්නේ
පෙතං කැලේ වළිකුකුළෝ මට පෙනි පෙනී නටනවා
අත්තන මල මං දැකලා බමර තුඩේ වෙළෙනවා
බිනර මහට කළුවර දී මේ පෝයත් ගෙවෙනවා
උසුළු විසුළු කළා නොවෙයි අපි වෙනතක් බලනවා
පට සළු පිළි කසී රටේ වෙල පෙති දිගේ වඩිනවා
මාල වළලු අපට ගෙනා තරු අතර දිළෙනවා
ගමේකමට බහ දීලා ගමේ කතා හැදෙනවා
උසුළු විසුළු කළා නොවෙයි අපි වෙනතක් බලනවා","[{'metaphor': None, 'interpretation': None}]"
Pera Da Maha Re – පෙරදා මහ රෑ,Nanda Malani,Sunil Ariyarathna,Stanley Pieris,"Classics,Old Pops","පෙරදා මහ රෑ මා සිහිලැල් උර මඬළේ
මුහුණ හොවා ගෙන ළසොවින් වැළපුන
ඔබේ විඩාපත් නෙතින් ගලා ගිය
කඳුළක කැළලක් ඉතිරි වෙලා //
උරහිස තැවරී වියැළුණු කඳුළෙන්
ඔබගේ සුනරුත් පැතුමක ගිණි ඇත
සදා දැවෙන්නෙමි ඒ ගින්නෙන්
ඔබහට පෙම් කළ යුගය නිමා කර
වෙන් වී යන්නට දවස පැමිණ ඇත
සමාව දෙන් මට සෙනෙහෙ සිතින්","[{'metaphor': None, 'interpretation': None}]"
Poojaneeya Wu- පූජනීය වූ,"Nanda Malani,Keerthi Pasquel",Sunil Ariyarathna,Sarath Dasanayaka,Duets,"පූජනීය වූ ප්‍රේම ප්‍රාසාදේ
චන්ද්‍රයා සේ කාන්ති දී පායලා එන්නම්//
සඳලුතලා යහනේ ශාන්ත හැඟුම් අතරේ
ප්‍රේමිය චන්ද්‍රාවෝ අද ඔබ ළඟ මිහිරේ
සුදට සුදේ ගලනා ඔබේ කැළුම් දහරේ
රෑ පෙම් කෝකිලයෝ දොඩමළු වෙති රහසේ","[{'metaphor': 'ප්‍රේම ප්‍රාසාදේ', 'interpretation': 'ප්‍රේමය නැමති ආදරනීය දෙය'}]"
Ran Kenden Banda – රන් කෙන්දෙන් බැඳ,Nanda Malani,Ajantha Ranasinghe,Sarath Dasanayaka,"Classics,Movie Songs","රන් කෙන්දෙන් බැඳ
අතැඟිලි එක්කල ආදරයයි
පෙම් රැහැනින් බැඳ
සිතුම් වසඟ කල ආදරයයි..//
කිරිලියසේ දුර පියා සලාලා
අත්තටු රිඳුනා පමණයි..
දෑල විදාහල දෑත මගේ
ඔබටත් ඔහුටත් උරුමයි..
හිරු සඳු එකවර දෙපස නැගේ..
කළුවර ඇයි විජිතයම මගේ
කනාටු සුළඟේ දුහුල් මලකි අද
වල්මත් වී පාවෙන්නේ..
ඔබගෙන් දෝ - ඔහුගෙන් දෝ
මා හෙට දින සමුගන්නේ...///","[{'metaphor': None, 'interpretation': None}]"
Poojasanaye – පූජාසනයේ,Nanda Malani,Sunil Ariyarathna,H.M.Jayawardhana,Classics,"පූජාසනයේ ඔබ හිඳුවා
ඔබට පුදන මේ ලෝකයමයි හෙට
ඔබට එරෙහි වී නැගිටින්නේ
පූජාසනයේ ඔබ හිඳුවා
ඉසුරින් කිත් යසසින් බබළන දා
ඔබගේ බැණුමත් ගීයක් වේ
ඉසුරින් කිත් යසසින් පිරිහුණු දා
සිනාසුණත් එය වරදක් වේ
කිරියෙන් පැණියෙන් උතුරා යන කළ
ලොව ඔබ පාමුල හඬා වැටේ
අත මිට හිඟ වී බෙල සුන් වන කළ
ලොව ඔබ හිස මත කඩා වැටේ","[{'metaphor': None, 'interpretation': None}]"
Raththaran Duwe – රත්තරන් දුවේ,"Nanda Malani,Rohana Weerasinghe",Carlo Fonseka,Rohana Weerasingha,"Duets,Old Pops","රත්තරන් දුවේ අපේ රත්තරන් දුවේ
ඔබයි දිවිය අර්ථවත් කලේ
ගියදා පටන් ඉගිල කුරුළු කූඩුවෙන්
සංතෝෂයක් නැ හිතේ//
සංතෝෂයක් නැ හිතේ
සංතෝෂයක් නැ හිතේ
ගියදා පටන් ඉගිල කුරුළු කූඩුවෙන්
සංතෝෂයක් නැ හිතේ//
ඉගිළිලා ගියේ සමුගෙන අපේ කූඩුවෙන්
ඔබත් කූඩුවක් තනන්න නේ
ඉගිළිලා ගොසින් තනපු කූඩුවත් අරන්
නැවත එන්න පියඹලා දුවේ//
නැවත එන්න පියඹලා දුවේ
නැවත එන්න පියඹලා දුවේ
ඉගිළිලා ගොසින් තනපු කූඩුවත් අරන්
නැවත එන්න පියඹලා දුවේ...//
ඇවිත් යන්න එන්න සුදු දුවේ","[{'metaphor': 'ගියදා පටන් ඉගිල කුරුළු කූඩුවෙන්', 'interpretation': 'පව්ලෙන් වෙන්වී ගියදා සිට'}]"
Ruk Aththana Mala – රුක් අත්තන මල,Nanda Malani,Mahinda Algama,Carlo Wijesiri,Classics,"රුක් අත්තන මල මුදුනේ
බඹරු නටන හැන්දෑවේ
සැදෑ අදුර පියමන් කර කවුරුද එන්නේ
පුතුනි බලන් යොමා නුවන්
කවුරුද එන්නේ
මුතු පිණි දැල් සැලෙන උදේ
උදා දිමුතු හිරු එලියේ..
පුතු සවනට රහස් කියා පියමන් කරලා
අප වෙනුවෙන් දවස ගෙවා
වෙහෙසී එන්නේ
පතොක් වැටිය උඩින් වැදී
දිවයුරු මිය යන මොහොතේ
පුරා හදක් සේ ඈතින් කවුරුද එන්නේ
පුතුනි බලන් යොමා නුවන්
කවුරුද ‍එන්නේ","[{'metaphor': None, 'interpretation': None}]"
Ruwal Iree Giya – රුවල් ඉරී ගිය,Nanda Malani,Sunil Ariyarathna,Rohana Weerasingha,Classics,"රුවල් ඉරී ගිය නෞකාවේ..නියමුවානෙනි
නොගිලී දළ රළ පෙල අතරේ
මාහා යා නොහැකිය ගොඩබිමකට
රුවල් ඉරී ගිය නෞකාවේ
දෝතට එක්කල වැහිදිය පොවමින් පවසට
ඉරුනු රුවල් රෙදි දවටා තබමින් උණුසුම
මා රැකගත් ඔබ රැකගත යුතුවේ අදදින
දියඹේ නවතිමි යනු මැන පෙරමඟ තනිවම
රුවල් ඉරී ගිය නෞකාවේ
සුන්බුන් නැව් බඳ දියබත් වී යයි හෙමිහිට
අත්හල මැන දැන් මෙතුවක් මට බැදි සෙනෙහස
දෑස පියාගෙන මා බිලි දී ‍දිය ගැඹරට
ගැලවී යනුමැන මේ විපතින් හිත දැඩිකොට","[{'metaphor': None, 'interpretation': None}]"
Sanda Kaluwara – සැඳෑ කළුවර,Nanda Malani,Madawala S Rathnayaka,Nanda Malani,Classics,"සැඳෑ කළුවර කුර ගගා විත්
ඔබේ පැල්පත මගේ දසුනින්
ඈත්වූ සඳ මගෙ සරා සඳ
තනිවෙලා මා තනිවෙලා
අ අ ආ අ ආ අ අ ආ
වළාකුල කුදු නොමැති අහසේ
මලානික වුනු මගේ සිතුවිලි
ගල් ගැසී ඇත පාළු වී ඇත
අඳුර පමණක් රජ වෙලා
අ අ ආ අ ආ අ අ ආ
ඔබේ ලෝකය මගේ ලෝකය
අතර ඇත්තේ රුයක් පමණයි
ගව් ගණන් දුර ජීවිතේ බර
මගේ හිස මත බර වෙලා
අ අ ආ අ ආ අ අ ආ","[{'metaphor': 'සැඳෑ කළුවර කුර ගගා විත්', 'interpretation': 'කෙමෙන් කෙමෙන් හැන්දෑ වෙනවා'}]"
Sansara Sagare – සංසාර සාගරේ,Nanda Malani,Sunil Ariyarathna,Sarath Dasanayaka,"Request,Golden Oldies","සංසාර සාගරේ ජීවිතේ යාත්‍රාව
ඔබ සොයා පදවන්නෙම්
ඔබ නිසා පදවන්නෙමි
ප්‍රදීපාගාරයක
ආලෝක වලල්ලක් එවාලා
ඔබ සිටින ගොඩ බිමෙහි මං ලකුණූ දන්වන්න
නැංගුරම්ලන තැනක පෙනෙන සේ ඔබ ඉන්න
වෙරළවෙත සැපත් මා
දෝත පා පිළිගන්න සිනාසී
දුර්ග වූ ගමන්මඟ විඩාගිනි දුරලන්න
යාත්‍රාව පදවන්න මා සමඟ එක්වන්න","[{'metaphor': 'සංසාර සාගරේ', 'interpretation': 'සසර නැමති දිගු ගමන'}, {'metaphor': 'ජීවිතේ යාත්‍රාව', 'interpretation': 'ජීවිතය ගෙවෙනවා'}]"
Sudu Hamine – සුදු හාමිනේ,Nanda Malani,Sunil Ariyarathna,Nanda Malani,Classics,"සුදු හාමිනේ නුඹ කොතැනද අද දවසේ
දීගෙක ගිහින් දරු පිරිවර මැද සුවසේ
ලේලිය කැටුව මගෙ පුතු වෙන් විය රහසේ
මං විතරයි තනියම දැන් මගෙ නිවසේ
උඹලගෙ තාත්තා ඇත දුර බලාගෙන
කවදා දූ පුතුන් ඒ දැයි පතාගෙන
වේවැල් කැඩුණු පුටුවේ වක ගසාගෙන
මං ඉන්නවා නෙතු කඳුළැල් දරාගෙන
දරුවන් ඇඳුම් ඇඟැලුම් ගෙන සිඹින්නෙමී
මනසින් එදා කෙළි සෙල්ලම් දකින්නෙමී
මරණයෙ දොරකඩට සපැමිණ සිටින්නෙමී
ලේකිරි පෙවූ දරුවන් දැක මියෙන්නෙමී","[{'metaphor': None, 'interpretation': None}]"
