songName,artists,lyricists,musicComposers,genres,lyrics
Ae Neela Nethu – ඈ නීල නෙතු සලා,T.M.Jayarathna,Malani Jayarathna,Rohana Weerasingha,Old Pops,"ඈ නීල නෙතු සලා මා දෑස මත් කළා
සේයා මවා ඒ ආදරේ  ආයාචනා…..ආ
ඈ නීල නෙතු සලා
පාවී ගියා   ඒ වේදනා    දෑසේ මවා මේ චේතනා
ආරාධනා
පාවී ගියා   ඒ වේදනා දෑසේ මවා මේ චේතනා
ආරාධනා
පාවී ගලා  පවනේ පවා   රාවේ ඇසේ ඒ ගීතිකා
ආරාධනා
පාවී ගලා පවනේ පවා  රාවේ ඇසේ ඒ ගීතිකා
ආරාධනා"
Amma Sandaki – අම්මා සඳකි,T.M.Jayarathna,Malani Jayarathna,Rohana Weerasingha,Classics,"අම්මා සඳකි මම ඒ ලොව හිරුය රිදී
ඒ ඉර හඳෙන් නුඹෙ ලෝකය එලිය වුනී
රැකුමට පුතුන් දිවියේ දුක් ගැහැට විඳී
පිය සෙනෙහසට කව් ගී ලියැවුනා මදී
සිරුරේ දුවන්නේ මගෙ ලේ නොවැ පුතුනේ
කුසයේ නොදැරුවත් දිවි බර මට දැනුනේ
මහමෙරකට උසයි දරු පෙම හද පතුලේ
පුදුමයි පුතුනි කිම මගෙ ලේ කිරි නොවුනේ
මවකට මුවාවී නුඹ වෙත දිරි දුන්නේ
මම වෙමි පුතුනි එය මා පමණයි දන්නේ
පිය සෙනෙහස නැතිද දරුවනි හඳුනන්නේ
අම්මාවරුන් පමණද මතු බුදු වන්නේ"
Dayiwaye – දෛවයේ සුළි සුළගේ,T.M.Jayarathna,Hemasiri Halpita,Clarence Wijewardena,Old Pops,"දෛවයේ සුළි සුළගේ වෙලී
ජීවිතේ පැතු පැතුමන් සිඳී
මා කෙරේ බැඳී සෙනෙහෙ බිඳී
ඇය යාවි ඇදී ...  ඇය යාවි ඇදී
පාළුවූ මා සිතින් -  චේතනා ගිලිහෙමින්
නිමවූ අපේ -  ආදරේ වේදනා ගෙනේ
වාලුකා මිරිගුවෙන් - මංමුලාවූ ලෙසින්
තනිවී මෙසේ - මා ලයේ ප්‍රර්ථනා සිඳේ"
Anduru Kutiya Thula – අදුරු කුටිය තුල,T.M.Jayarathna,P.S.Alawaththage,Premasiri Khemadasa,"Classics,Golden Oldies","අදුරු කුටිය තුල දොරගුළු ලාගෙන
ගයන ගීතිකා යදින යාතිකා දෙවියන් හට නෑසේ
ඒ…….දෙවියන් හට නෑසේ
පොලව කොටන තැන පාර තනන තැන
ගිනියම් අව්වේ මහ වරුසාවේ දෙවියෝ වැඩ ඉන්නේ
ඒ…….දෙවියෝ වැඩ ඉන්නේ
බලන් කඩතුරා හැර දෑසේ//
සිනිදු සුවැති සළු සිරසින් හැරදා
දූවිලි මඩ වැකි පිළි ගත පලදා
දෙවියන් රුව දක්නට හැක්කේ
හ හා…ආඅආඅ ආඅආඅ ආඅආඅ  ආ..
කුසුම් සදුන් දුම් සුවදින් වැලකී
ගත නැගි දාඩිය සුවදින් සැරසී
දෙවියන් හා එක්විය හැක්කේ
හ හා…ආඅආඅ ආඅආඅ ආඅආඅ  ආ.."
Hadissiye – හදිස්සියේ,T.M.Jayarathna,Camilas Perera,Clarence Wijewardena,Old Pops,"හදිස්සියේ හනි හනිකට පය තබනා
රුවැත්තියේ නුඹ සිටිනා ගම කොතැනා...//
දෑත සලා කිංකිණි හඬ දෙවන්නී
දෑස සලා මොනමොනවද කියන්නී
යටින් හොරෙන් එබිකම්කර බලන්නී
ළඳේ නුඹයි මගෙ දුක් ගිනි නිවන්නී
රෑන කිතුල් මල පිට මැද හෙලන්නී
සිහින් පබළුවැල් ගෙල වට බඳින්නී
කෝල නැවුම් සිනා දැලක් එළන්නී
ළඳේ නුඹයි මගෙ දුක් ගිනි නිවන්නී"
Chandikamata – චන්ඩිකමට,T.M.Jayarathna,Kularathna Ariyawansa,Rohana Weerasingha,Old Pops,"චන්ඩිකමට රන්ඩුවක් වෙලා
පුංචි පුතා ඉන්නෙ හැංගිලා...//
අයියට ගහලා - නංගිව විකලා
යාළුවො ටික තරහා වෙලා
සෙල්ලම් කරන්නේ කා සමගින්දෝ
පුංචි පුතා දැන් තනිවෙනවා
අයියයි නංගියි - යාළුවො ගොන්නයි
සේරම හොඳ දරුවෝ වෙලා
එකමුතු වුණා නම් - නේ හොඳ වෙන්නේ
පුංචි ළමයි වස නෑ පැටියෝ"
Eka Sitha Dethanaka – එක සිත දෙතැනක,T.M.Jayarathna,Kularathna Ariyawansa,Rohana Weerasingha,Old Pops,"එක සිත දෙතැනක නතර වෙලා
ඔබේ සිතයි මගේ සිතයි
දෙසිතම එකම සිතක් වී
ඔබේ ලඟයි මගේ ලඟයි
ඒ සිත දෙතැනක නතර වෙලා
ලසෝ තැවුල් මැද ඔබ සැලෙනා විට
මගේ නෙතද වැළපේ
සිනා තෙපුල් මැද ඔබ සැනසෙන සඳ
මගෙ සිතද සැනසේ
ඔබේ පැතුම මා පතනා ලොවමයි
අපේ සිතුම් සම වේ
ඔබෙ මගේ යයි වෙනසක් නොහැඟෙයි
ඔබම යළිදු මම වේ"
Degoda Thala – දෙගොඩ තලා,T.M.Jayarathna,Ajantha Ranasinghe,Clarence Wijewardena,Old Pops,"දෙගොඩ තලා ගඟ ගලා
මෙගොඩ ගොඩේ ඈ හිඳී
තොටුපලේ ගං ඉවුරේ
මා තනිවම මද අඳුරේ//
මේ ගඟ ගලා ගියේ
අපි පුංචි ළමුන් දවසේ
ඇගෙ දෙපා පවා ආදරෙන් දොවා
ආදර ඒ ගඟ නෑ අද නෑ
මේ ඔරු කඳේ නැගී
බොර පාට දියේ තනිවී
මා මෙහා ඉමේ ඈ එහා ඉමේ
බාධක මේ ගඟ තාම ගලයි"
Hemin Sare – හෙමින් සැරේ,T.M.Jayarathna,Dharmasena Pathiraja,Premasiri Khemadasa,"Classics,Movie Songs","හෙමින් සැරේ පියා විදා//
සුමුදු සයනේ සිනිදු ඇතිරිල්ලෙන්
පලා ඇවිත් සිතුම් සියොතුන්
සුමුදු සයනේ සිනිදු ඇතිරිල්ලෙන්
හා..හහ හා..හ හා…හ හා..හ හා..හා..//
මලක් නම් එය මලක් වුව මැන
සිනිදු සුකුමල….ආඅ ආ රුවෙන් සරසන
විලක් නම් එය විලක් වුව මැන
නීල ඉදුවර….ආඅ ආ දියෙන් උපදින
නැවුම් වත්සුනු රොනින් මත්වී
නීල නිම්නය….ආඅ ආ සුපුෂ්පිත වී
සිහින් හඬකින් මහද අමතයි
මුදා හැරදා….ආඅ ආ පවුරු සිඳි යහනේ"
Hiruta Horen – හිරුට හොරෙන්,T.M.Jayarathna,Kularathna Ariyawansa,Rohana Weerasingha,Old Pops,"හිරුට හොරෙන් සඳුට හොරෙන්
තරු මල් උයනේ
ලොවට හොරෙන් සැදූ ලොවයි
අපේ ආදරේ...//
ඔබේ නුවන් තරු එලියෙන්
ඒ ලෝකයේ සිරි නරඹන්නම්
තවත් කුමටදෝ එළියක්
මගේ ලෝකයේ
ඔබේ වදන් අමසරයෙන්
ඒ ලෝකයේ නද රැව්දේ නම්
තවත් කුමටදෝ මිහිරක්
අපේ ලෝකයේ"
Ko Ma Pathu – කෝ මා පැතූ,T.M.Jayarathna,Ranjith Weerasinghe,Premasiri Khemadasa,"Golden Pop,Classics","කෝ මා පැතූ ඔබෙ ආදරේ
කෝ මා පැතූ ඔබෙ ආදරේ
කෝ මා පැතූ
ආවේ එදා මා තනිවී ලොවේහී
නැතිවී ගියා ඒ හැඟුමන් මෙහී…//
යළි මා අනාතයි උතුරා ගලා යයි සංවේදනා
ඈ හා අතීතේ ගැයු ගීත රාවේ
මුසුවී ඇසේවා සුළඟේ පවා...//
කෙවිලී කැදැල්ලේ කොවුලා ඉගිල්ලේ  දැන් ඈ දමා
පායා පහන් වූ රන් තාරකාවෝ
අඳුරේ දමා මා නොපෙනී ගියා...//
කවදාද ආයේ පායා දිලෙන්නේ  රන් තාරකා"
Jeewithe Amadhara – ජීවිතේ අමධාරා,T.M.Jayarathna,Gamini Wijethunga,Premasiri Khemadasa,Old Pops,"ජීවිතේ අම ධාරා - උල්පතේ රස උතුරා
කෝ සුපෙම් හස කැළුම් රස හැඟුම්
මීවිතේ රස උතුරා
ආදරේ මල් උයනේ - නෑ ඔබේ හඬ ඇසුනේ
පිපි කුසුම් මල් යහන් තුලට වී
කොවුලනේ නාඬන්
ඈත නිල්වන් ගුවනේ - පියාඹන ලිහිණියනේ
මට කියන් තෙපි සොයා යන ලොවේ
සෝ තැවුල් රැඳුනේ
හමන පවනේ සඟවා - මගේ පාළුව රහසේ
ඇත එවා ඔබ සොයා පිය ළඳේ
මීවිතේ රස උතුරා"
Kunda Saman – කුන්ද සමන්,T.M.Jayarathna,Clarence Wijewardena,Clarence Wijewardena,Old Pops,"කුන්ද සමන් මල් මල් රැන්දු සිනාවා
කන්ද උඩින් පෑයූ චන්ද්‍ර සිනාවා
නෙල්ලි කැලේ හැංගී ඉන්න කුමාරී
පින්න පිපුනු සීතේ එන්න සිනාසී
රංචු බිඟුන් සේනා  කැන්දු සිනාවා
පුංචි සමන් මල් රොන් බිංදු සිනාවා
පිපි මලසේ.හිමිදිරියේ.ඔසරි පොටේ
සුදු නෙරියේ..හිත දැවටේ.සිලි සිලියේ
මට නොදැනී.මට අමතා.පටු නළලේ
කියඹු ලතා.මුදු මුදුසේ.සැලෙන ලතා"
Mala Gira Gela – මාල ගිරා ගෙල,T.M.Jayarathna,Ajantha Ranasinghe,Premasiri Khemadasa,"Old Pops,Classics","මාල ගිරා ගෙල මාල පොටක් බැඳි
ගෝමර පෙති මාලේ
පාට සරුංගල් පාට නෙලා…. ගෙන
රුව දිලෙනා ලීලේ
වතුසුදු මල සේමා වත රූසිරු බෝමා
කෝල කොමල වරුනේ සිත බැඳුනා ලඳුනේ
කදිම උවම් යොදලා කව් සීපද ගොතලා
හීතල දුරුතු මහේ  කියමුද අපි ලඳුනේ
කෙකටිය සුදට සුදෝ  හිරිමල් කැකුළු මුවින්
ටිකිරි හිනා බිංදූ  මට දෙනවද ලඳුනේ"
Lokaye Rudu – ලෝකයේ රුදු නෙත්,T.M.Jayarathna,Kularathna Ariyawansa,H.M.Jayawardhana,Old Pops,"ලෝකයේ රුදු නෙත් වසා
ස්නේහයේ හසරැල් සලා
මා සොයා පැමිණෙන්න සොඳුරිය
රෑ සඳේ කඳුලක් වෙලා…//
මා දෑස අවුරා ඔබ දෑස සඟවා
සහසක් නුවන් දැල්විලා
මා දෑස අවුරා ඔබ දෑස සඟවා
සහසක් නුවන් දැල්විලා
මේ කුරිරු ලෝකෙන් පාවී හමා රෑ
යාවෙන්න පවනක් වෙලා
රෑ සීත අඳුරේ මේ සොඳුරු යාමේ
පාළුව දැනී තනිවෙල
රෑ සීත අඳුරේ මේ සොඳුරු යාමේ
පාළුව දැනී තනිවෙලා
මා තැවෙන යාමේ මේ පාළු කුටියේ
දැවටෙන්න සුවඳක් වෙලා"
Me Ayurin Api – මේ අයුරින් අපි,T.M.Jayarathna,Ajantha Ranasinghe,Premasiri Khemadasa,"Old Pops,Classics","මේ අයුරින් අපි සංසාරේ
ආදරයෙන් හමුවෙන්න ඇතී
මේ අයුරින් අපි දවසක් දා
සසර මගදි වෙන්වෙන්න ඇතී
සාලිය මාලා පෙම්බැඳිදා මං
සිටු කුමරෙකුවී ඉන්න ඇතී
ඒ සිටු කුලයේ කුමරිය වී ඔබ
මේ ලෙස මට රිදවන්න ඇතී
අපරාජිතයැයි ඔබ පිදු ප්‍රේමය
පුදසුන මත පරවෙන්න ඇතී
සාගර ජලයත් මදි හැඬුවා මම
ඔබ හින්දා ඔබ දන්නෙ නැතී
ආත්ම ගනනේ ඔබෙ පය පාමුළ
මගෙ කඳුලින් සේදෙන්න ඇතී
එදත් මගේ දුක් ආයාචනයට
අද මෙන් ඔබ හිනැහෙන්න ඇතී"
Mulu Lowama – මුලු ලොවම,T.M.Jayarathna,Kularathna Ariyawansa,Rohana Weerasingha,Old Pops,"මුලු ලොවම නැතිවුනත්  එකම හදවතක්
ඇත ඔබේ…. නාමයෙන්  ඇත ඔබේ නාමයෙන්...//
ඔබේ සෙවනෙහි රැඳී ඉන්නට
වරම් නැතිවූ ලෝකයෙන්...//
වෙන්ව සිටිනා හුදකලාවේ……..
එකම එක හදවතක්
ඇත ඔබේ නාමයෙන්
ලොවේ දිනයෙක තනිවුනෝතින්
ඔබේ හද සෝ තාපයෙන්...//
සොයා එන්නට සිටින කැපවී
එකම එක හදවතක්
ඇත ඔබේ නාමයෙන්"
Namal Pipila – නාමල් පිපිලා,T.M.Jayarathna,Kularathna Ariyawansa,Rohana Weerasingha,Old Pops,"නාමල් පිපිලා මේ වැව් ඉවුරේ
නා තුරු සෙවනැල්ලේ මල් පාවඩ සැදිලා
බලා සිටින්නේ
ඔබේ දෙපා පොඩි සිප ගන්නයි...//
පාළු සැඳෑවේ මේ වැව් ඉවුරේ
මගේ දෙනෙත් මග බලා හිඳින්නේ...//
පුරා සඳක්සේ වනලිය අතරින්
ඔබේ සිනාවත පිපෙන තුරා
නීල තලාවේ මේ ගඟුලැල්ලේ
රිදී කඳන් සැලි සැලී රඟන්නේ...//
නදී සඳැල්ලේ රන්කම් විලසින්
ඔබේ දෙපා යුග නැගෙන තුරා"
Oba Ha Mema – ඔබ හා මෙමා,T.M.Jayarathna,Wimala R Pieris,H.M.Jayawardhana,"Old Pops,Classics","ඔබ හා මෙමා අතිනත් අරන්
අපගේ ලොවේ තනිවු එදා
ඔබ මා දෙපා දෑතින් බදා
සිප ගත් එදා සිහිවෙනවා
සිප ගත් එදා සිහිවෙනවා
භවයෙන් භවේ මෙලෙසින් බැඳී
අප ආ ගමන් අමතක වුවත්
ඔබගෙයි මගෙයි හද මන්දිරෙන්
නැග ආ ස්වරේ - එක් වූ දිනේ සිහිවෙනවා
එක් වූ දිනේ සිහිවෙනවා
ඔබ මා දෙනෙත් ම ඔබේ දෙනෙත්
එක් වී වෙලි සෙනෙහස සෙවූ
ඒ සොඳුරු දා සිහිවෙනවා
ඒ සොඳුරු දා සිහිවෙනවා"
Pawanata Salena – පවනට සැලෙනා,T.M.Jayarathna,Dharmasiri Bandaranayake,Premasiri Khemadasa,Classics,"පවනට සැලෙනා..දොඹ මල් සුවඳින්
ආදර හසරැලි මුවට නැගෙයිදෝ
සවනට කොඳුරා…  පවසන වදනින්
ආදර හැඟුමන් සිතට දැනෙයිදෝ
මල් ඇතුරුනු ඒ සුව යහනේ ඔබ
අඩවන් දෙනෙතින් ආලවඩයිදෝ
මා ඇකයේ සිට පොඩි පුතු හඬනා
ඒ දුක්බර හඬ ඔබට ඇසෙයිදෝ
ඇකයේ සිට මා පුතු හඬනා සඳ
ලේ කිරි වී දැයි නොදනිමි මා ළඳ
අසරණ දෙනෙතින් පුතු දෙස බැලු සඳ
දුටුවේ වැගිරුනු කඳුළු පමණි ළඳ"
Adaraye Wedanawa – ආදරයේ වේදනාව,Nanda Malani,Kithsiri Nimal Shantha,Rohana Weerasingha,Old Pops,"ආදරයේ වේදනාව හදට දැනුනු යම් දවසක
හුදකලාව නොතැවී යලි
එන්න මා සොයා….. එන්න මා සොයා//
දේදුනු පැහැයෙන් දිදුලන ආදර විජිතය හැරදා
රැජින පලා ගිය මොහොතක
නොතැවී යලි ඈ සිහිකර
එන්න මා සොයා….. එන්න මා සොයා//
ජීවිතයට මිහිර ලතැවුල ඔබ තුරුලට ලංවූදා
නොතැවී හිද තනියහනේ
මතක සුලං රොදක එතී
එන්න මා සොයා….. එන්න මා සොයා//"
Adara Hangum – ආදර හැඟුම්,W.D.Amaradewa,Dayananda Gunawardhana,Somadasa Elvitigala,"Request,Classics,Movie Songs","ආදර හැඟුම් ආදර හැඟුම්
නුපුරුදුයි මට නුපුරුදුයි ඒ හැඟුම්
ආදර හැඟුම් ආදර හැඟුම්
කිතිකවයි හද කිතිකවයි ඒ හැඟුම්
ආදර හැඟුම් ආදර හැඟුම්
ආදර හැඟුම්
සැඳෑ අඳුරේ සැළෙන තරු එළි
මගේ හද තුළ කරයි විමසිලි//
නැගෙන ගනඳුර වඩයි සිතුවිලි
මේ මඟුල් රෑ බිඳෙයි ඉවසිලි
කිමද ඔබ මල් කුමරියන්නේ
පෙති විදා සතුටින් නොඉන්නේ//
රහස නැතිවද මං නොදන්නේ
තුරුළෙ බමරුන් නොවෙද ඉන්නේ
$
$
$"
Ammawarune – අම්මාවරුනේ,Nanda Malani,Dharmasiri Gamage,Premasiri Khemadasa,"Classics,Movie Songs","අම්මා..ආ….වරුනේ..ඒ
අම්මා..ආ…. වරුනේ
සම්මා සම්බුදු අම්මාවරුනේ
දරුවන්ගේ දුක් කඳුළු දකින දා
සුර ලොව සිට අත පා…… ආ
ඒ කඳුළැලි පිසිනා
අම්මාවරු නැති දරුවන්නේ
සංකා දුක් කවුදෝ දන්නේ
ඒ දුක දන්නා අම්මාවරුමයි
යම් මතු දිනයක බුදු වන්නේ
සංසාරේ මතු බුදු වන්නේ
සෙනෙහස වැඩි දා සිතද බොළද වේ
ලොවම ආදරේ කියා සිතී
මායාවක්වී එහි තනිවූ දා
අම්මා පමණයි ළඟ ඉන්නේ
අම්මා පමණයි ළඟ ඉන්නේ"
Ahasa Se Oba – අහස සේ ඔබ,Nanda Malani,Sunil Ariyarathna,Rohana Weerasingha,"Classics,New Pop","අහස සේ ඔබ අනන්තයි
සයුර සේ ඔබ අනන්තයි..//
මේ විශ්වයේ මා දකින්නේ…..ඒ
ඔබමැ පමණයි...ඔබ අනන්තයි
අනන්තයි
වෙණ තතක් හැඩවෙන තැනත් ඔබ
මදුවිතක් උතුරන තැනත් ඔබ...
තෙළිතුඩක් දැවටෙන තැනත් ඔබ
පන්හිඳක් ගැවසෙන තැනත් ඔබ
අඩ සඳක් සැගවෙන තැනත් ඔබ
රළ පෙළක් පෙරලෙන තැනත් ඔබ..
සිසිලසක් දනවන තැනත් ‍ඔබ
උණුසුමක් ගෙනදෙන තැනත් ඔබ"
Araliya Landata – අරලිය ලන්දට,Nanda Malani,Priyantha Dharmawansa,Carlo Wijesiri,New Pop,"අරලිය ලන්දට සඳ පායන කොට
තුරුලිය මල් වට බඹරු බමන විට
සිව් සිය සිය දහසට ඇඟිලි ගණිනා මට
ඔබ ගැන සිහිවෙනවා එතකොට
ගී පද ලියැවෙනවා
රඹවන් හේනේ කරල් පැසෙන කොට
අඹ මල් ගානේ
ගිරව් හඬන විට දොඹ තුරු මානේ
සෙවන දකින මට
ඔබ ගැන සිහිවෙනවා එතකොට
සි ති විලි ඉගිලෙනවා
දඬු‍වැල් බෑ මී සුවඳ දැනෙන කොට
පඬුවන් අහසේ
තරු පායන විට හැඬුමට නොහැකිව
දෙඇස වසන මට
ඔබ ගැන සිහි‍වෙනවා එතකොට
සිහිනය උපදිනවා"
Ayanna Kiyanna – අයන්න කියන්න,Nanda Malani,Sunil Ariyarathna,Mervin Perera,"Inspirational,Classics","අයන්න කියන්න ලොවටම ඇහෙන්න
එන්න මගේ මල්ලී
දුවන්න පනින්න නටන්න ගයන්න
එන්න මගේ නංගී//
පාසල නම් රන් දෙවොලේ
දෙවියන් වන් ගුරු කැළගේ
සිත දිනමින් පා හෙවණේ
ශිල්ප ලබා මතු දවසේ
ලෝකය දකින්න එහි සැරිසරන්න
එන්න මගේ මල්ලී එන්න මගේ නංගී
කාසි පනම් හිටි හැටියේ
සතුරෝ ගෙන යති රහසේ
පොතින් පතින් ලද දැණුමේ
ධනය සදාකල් සුරැකේ
ඥානය වඩන්න කාලය ගෙවන්න
එන්න මගේ මල්ලී එන්න මගේ නංගී"
Birinda Mage Oba – බිරිඳ මගේ ඔබ,"Nanda Malani,Gunadasa Kapuge","Sunil Ariyarathne,Lyrics","Music,Gunadasa Kapuge","Duets,Classics","බිරිඳ මගේ ඔබ  නැ මා ඔබ‍ගේ බිරිඳ නොවේ
දෑගිලි හුයකින් බැඳි පමණින් මා ඔබගේ
බිරිඳ ‍නොවේ.. …….ඔබගේ බිරිඳ නොවේ
ඔබ පෙම් කල අය ඔබට ලැබී නැත
මා පෙම් කල අය මටද ලැබී නැත//
මාව් පිය නෑ සිය ආසිරි ගී මැද
දෑගිලි පමණක් එකට බැඳී ඇත
දෑගිලි පමණක් එකට බැඳී ඇත
සිරුරින් එකතැන හදවත් දෙතැනක
දෙදෙනෙකු වෙමු අපි එකම වහලයට..//
ඔබෙත් මගෙත් හද ගැහෙනා රාවය
අපට මියෙන තුරු හැදිනිය හැකිවෙද..
අපට මියෙන තුරු හැදිනිය හැකිවෙද"
Adawan Wu Denethin Galana – අඩවන් වූ,W.D.Amaradewa,,"W.D.Amaradewa,Music","Inspirational,Classics","අඩවන් වූ දෙනෙතින් ගලනා
මෙත් මුදිතා කරුණා ධාරා //
තෙමා තෙමා හද ගලා ගලා යන
ලොව්තුරු ගුණ මහිමේ
මහමෙව්නා උයනේ …………
සමාධි බුදු පිළිමේ
අඩවන් වූ දෙනෙතින් ගලනා
මෙත් මුදිතා කරුණා ධාරා
පිරි' ඉතිරී යන මහ වතුරක් සේ
ගලා හැලෙන සිහිළැල් ගඟුලක් සේ
ගිමන් නිවාලන මේ භව කතරේ
නිවන් සදා ලන බුදු ගුණ මහිමේ
මහමෙව්නා උයනේ …………
සමාධි බුදු පිළිමේ"
Aradhana – ආරාධනා,W.D.Amaradewa,,"Music,Rohana Weerasinghe",Old Pops,"ආරාධනා……. ආරාධනා
ජීවිතයේ තනි මංසල අතරමං වෙලා
හුදෙකලාව සුසුම් හෙලන හදවත සනහා
අතීතයේ ගිලිහී ගිය සතුට රැගෙන යලි වඩින්න
ආරාධනා ආරාධනා
නෙලූ සුපෙම් කැටයම් හද පවුරැ තලාවේ
මැකී ගියාදෝ……………කාලයේ වෙරළේ
ජීවිතයේ දිගු ගමනින් අනාත වූ දා
සෙනේහයේ සත් පියුමන් යළිදු පිපේවා
ආරාධනා ආරාධනා
එදා සිඟිති කිරි සුවඳින් යුග දිවි අරණේ
ඔබේ උණුසුමේ………………….යළිදු උපන්නෙම්
බිඳුණු එවන් රජ දහනින් සමු ගෙන යනදා
ඔබේ නුවන් පහනින් යළි එළිය ලැබේවා
ආරාධනා ආරාධනා"
Anothaththa Vila – අනෝතත්ත විල,"W.D.Amaradewa,Amitha Wedisinghe",Sunil Sarath Perera,Victor Dalugama,"Duets,Request,Classics","අනෝතත්ත විල නෙළුම නෙළාලා
පීරා වරළස මල් ගවසාලා
නාග ලොවින් බැස නාළිය ගමනින්
වරඟන පිරිවරිනා එරන්දතිය එනවා
මතක සිනාවෙන් මුව සරසාලා
ඉරට මුවාවෙන් සඳට මුවාවෙන්
හිතට තුරුළු වෙනවා එරන්දතිය එනවා
කෝමළ ගමනින් කෝළ හැඟුම් හල
කාල ගිරෙන් සිතුවිලි සේනා ගෙන//
වරඟන පිරිවරිනා එරන්දතිය එනවා
නළලත කුංකුම තිලක තියාලා
නීල වර්ණයෙන් කැළුම් නෙළාලා
පාද කිංකිණී සොළවා එරන්දතිය එනවා"
Abhisarikawange – අභිසාරිකාවන්ගේ,Gunadasa Kapuge,Sunil Ariyarathna,Gunadasa Kapuge,"Old Pops,Classics","අභිසාරිකාවන්ගේ උන්මාද නෙතු අතරේ
අයාලේ ගිය ජීවිතේ  ඔබෙනි ඵල ගැනුනේ
අභිසාරිකාවන්ගේ
රාග ගිනි ජාලාවේ
ප්‍රේමයේ උණුසුම් සුසුමේ
වෙනස ඔබෙනි දැනුනේ…..ඒ
අයාලේ ගිය ජීවිතේ  ඔබෙනි ඵල ගැනුනේ
ආදරය යන වදනේ
මනු‍ලොවේ මිනිසත් භවයේ
මහිම ඔබෙනි හැඟුනේ….ඒ
අයාලේ ගිය ජීවිතේ  ඔබෙනි ඵල ගැනුනේ"
Ahasa Usata – අහස උසට,Gunadasa Kapuge,Saman Guna Herath,Gunadasa Kapuge,Old Pops,"අහස උසට නැග ගියාට නැහැනේ අහසේ රැඳෙන්නේ
අහසේ මාලිගා තැනුවට අපි පොළොවේ සිටින්නේ
අහස උසට නැග ගියාට නැහැනේ අහසේ රැඳෙන්නේ
අහසේ මාලිගා තැනුවට අපි පොළොවේ සිටින්නේ
ලඹ කැටයේ අත්වාරුව බිත්ති දිගේ නගින්නේ
බිත්තිය ඉහලට යනකොට අපි පොඩියට පෙනෙන්නේ
සිමෙන්ති කඳුලින් දියකර සත් මහලයි තනන්නේ
පලංචියේ කිරි කිරියයි අපේ දුකට හඩන්නේ"
Awado Sansare – ආවාදෝ,Gunadasa Kapuge,Mahinda Dissanayaka,Gunadasa Kapuge,"Old Pops,Classics","ආවාදෝ........ සංසාරේ//
මා හා බැදී  - සැමදා….. පාවි මාගෙ
සෙවනැල්ල සේ
ආවාදෝ........ සංසාරේ//
ඔරුවක් පාවුනා පාලුවේ සාගරේ
තොටියෙක් යාවුනා සිරුවේ සීතලේ//
මිහිරේ ගී ගැයුනාවේ තනිය නසා
තනිය නසා
කතරේ වාලුකා පැයුමෙන් වේලුනා
වැහැලා ඒ බිමෙ මී මලක් පිදුනා//
සිහිල ලබා සිහිලැල්ලෙ නිවී ගියා
නිවී ගියා"
Ayiyandiye – අයියන්ඩියේ,Gunadasa Kapuge,Nimal Ananada,Gunadasa Kapuge,Classics,"අයියන්ඩියේ නුඹ ඇවිදින් ගිය දවසේ
ගිණි ඇවිලුනා කැනිමඬලට අපෙ නිවසේ
එක පත අනා එකටම කෑ පෙර දවසේ
මං අමතකද නුඹ රජ වූ අද දවසේ
අම්මා එක්ක දබරව පැද ගිය වත්තේ
ලැම දා ගියා බත හිර වුනි කුස ගින්නේ
දෑසේ කඳුළු වැහි පොද ලෙස වෑහෙන්නේ
වී පෑලකට ඇයි උබ විරසක වෙන්නේ
ඉරට සැපක්දෝ නියඟය දළුලෑම
සඳට සැපක්‍දෝ ඝණ දුර පීදීම
නුඹට සැපක්දෝ අපි තනිකර යෑම
මහ පොළවකට නඩු හබ ඇයි ගතු කීම"
Bimbarak Senaga – බිම්බරක්,Gunadasa Kapuge,Rathna Sri Wijesinge,Gunadasa Kapuge,Old Pops,"බිම්බරක් සෙනග ගැවසුන චන්ද්‍ර සූර්යා ඉපදුන
ස්වර්ණ භූමියේ මනරම් මාළිගාව කෝ
යුද්දේකට ඇවිත් රුපුසෙන් සත් මුහුදුමතින් ගුවනින්
කම්බි වට කලේ මනරම් මාළිගාවදෝ
මාළිගාවදෝ
ට්‍රැක්ටරේ යකඩ ගජසෙන් කුංචනාදයෙන් ඇලළුන
වෘක්ශ දේවතාවන් බිම වැටී පණ ගසයි
මිනී මල් පිපුන සීතල නිම්න භූමියේ ඇටකටු
හතර රියන් කඩ අහිමිව විලාපය නගයි
විලාපය නගයි
කැළෑ මල්පිපී රතු තොල් වලින් කෑගසා ඉල්ලන
ජාතියේ නිධානය රන් රුවන් කරඬු කොයි
වෑකන්ද කඩා බිම්කටු කම්බියෙන් බෙදා මේ රණ
බිමේ හිසගසා දමනා කඩුව බිම දමව්
කඩුව බිම දමව්"
Buddhanubhawena – බුද්ධානුභාවේන,Nanda Malani,Sunil Ariyarathna,Nanda Malani,"Inspirational,Classics,Buddhist songs","බුද්ධානුභාවේන සිත් නෙත් පහන් වී
මෙත් මල් පිපීලා මුදිතා ජලාසේ
නංවා ප්‍රභා ලොව්තුරා රශ්මි මාලා
හෙළ දෙරණ ජන ජයතු ජය මංගලානී//
තණ්හා උපාදාන පරිදේව වියැකී
අඥාන අඳුරේ දැල්වී ප්‍රදීපේ
හඬවා නුවන් දැල් මංගල්‍ය ප්‍රීතී
හෙළ දෙරණ ජන ජයතු ජය මංගලානී//
භෘංගාවලී රාව ප්‍රතිරාව නංවා
බන්දා ප්‍රශංසා ජය කේතු කේලී
දසතින් ගලා ක්ෂීර පායාස ධාරා
හෙළ දෙරණ ජන ජයතු ජය මංගලානී//"
Budu Karuna – බුදු කරුණා,Nanda Malani,Anuradha Senevirathne,Nanda Malani,"Inspirational,Classics,Buddhist songs","බුදු කරුණා දෑස තෙමී
මෙත් සිහිලැලි ඇද හැලුණා
නිවා තාප ලෝ කතරේ
අමා වතුර ගලා බසී
බුදු කරුණා දෑස තෙමී
කඳු වැටිවල නිසොල්මනේ
ගහ කොළ මල් පිපී නටයි//
නැවුම් පොළොව නව නිල්ලේ
බුදු සිරිපා පහස ලබයි
කෙළෙස් මලින් උකටලි සිත
නිවා තවන සුවය සොයයි//
නිසල ඔබේ බුදු රුව ළඟ
මගෙ හද භාවනා කරයි"
Chandra Madulu Yata – චන්ද්‍රමඬුළු යට,Nanda Malani,Mahinda Algama,Nanda Malani,"Inspirational,Classics","චන්ද්‍රමඬුළු යට සුරංගනාවන්
දූ සනහන්නට ගීත ගයනවලු
දුවේ එපා ඒ කතා අහන්නට
මේ නැළවිලි ගී මමයි කියන්නේ
රන් තැටියට කිරි පැණි පුරවාගෙන
හඳහාමී දූ බලන්න එනවලු
දුවේ එපා ඒ කතා අහන්නට
හඳහාමී කෙලෙසද මෙහි එන්නේ
කිරි මුට්ටිය නුඹෙ ගඟේ ගියාලූ
ගඟට උඩින් කිරි කොක්කු ගියාලූ
දුවේ එපා ඒ කතා අහන්නට
මමයි නුඹට ලේ කිරි කර දෙන්නේ
දූ අල්ලන්නට හැන්දෑ යාමේ
මල්ලක් අරගෙන බිල්ලෙක් එනවලු
ධීර දුවේ මා බිය නොම වන්නේ
සිහළ ලෙයයි නුඹ සිරුර දිවෙන්නේ"
Budu Sadu sandun gasak – බුදු සාදු සඳුන් ගසක්,Nanda Malani,Ashoka Kolambage,D.D.Danny,"Inspirational,Request,Buddhist songs","බුදු සාදු බුදු සා..දු සඳුන් ගසක් වෙන්නම්
මම සමන් වැලක් වෙන්නම්//
ඔබගේ පාමුල සමන් වැලක්වී
ඔබගේ පාමුල සමන් වැලක්වී
සුවඳ මලින් සැරසෙන්නම්//
ඔබ වැඩි අරණේ සඳුන් ගසක්වී
ඔබ වැඩි අරණේ සඳුන් ගසක්වී
සිසිල සෙවන රඳවන්නම්//
බුදු සාදු බුදු සා………දු නෙළුම් මලක් වෙන්නම්
මම නෙළුම් මලක් වෙන්නම්
ඔබගේ පියවර මැනුම් ඉදිරියේ
ඔබගේ පියවර මැනුම් ඉදිරියේ
මුදු පා පිස්නක් වෙන්නම්//"
Deno Dahak Nuwan – දෙනෝ දාහක්,Nanda Malani,Kularathna Ariyawansa,Victor Rathnayaka,"Classics,Movie Songs","දෙනෝ දාහක් නුවන් අතරේ
කවුරුදෝ මා
තනි කළේ….. තනි කළේ
…..පාසැල් බිමේ
සිනා කෙළිලොල් තෙපුල් රහසේ
දෙඩූ තැන් අද ගොළු වෙලා
සොඳුරු පාසැල් පියස
කඳුලින් බොඳ වෙලා
කැදැල්ලෙන් ඔබ වෙන් වෙලා
නිබඳ ඔබ මා ඇවිද ගිය තැන්
සෙවණ දුන් ගහ කොළ පුරා
බිමට බරවුණු කැකුළු
අතු ඉති මැලවිලා
දුකින් හදවත ගොළුවෙලා"
Hada Wila Kalabana – හද විල කළඹන,Nanda Malani,Dharmasiri Gamage,Nanda Malani,Classics,"හද විල කළඹන පෙම් ජල රේඛා
ඒ විල මැද සීතල සඳ රේඛා
දෑසෙහි තවරා ආදර රේඛා
ඔබ රුව සිහිනෙන් හද ඇඳි රේඛා
වරලස අක්‌ බඹරුන් රැඳි රේඛා
දෙනෙතෙහි නිලිපුල් මල්පෙති රේඛා..//
දෙතොලෙහි ආදර හසරැලි රේඛා
ඔබ රුව සිහිනෙන් හද ඇඳි රේඛා
නීල පළිඟු කැට නෙත් මිණි රේඛා
බාල වන්දනී නළලත රේඛා..//
ආල නුරාවෙන් බැඳි රන් රේඛා
ඔබ රුව සිහිනෙන් හද ඇඳි රේඛා
දෑල ළැමැද රන් ගෝමර රේඛා
ඈතදි පෙන්වන කෝමල රේඛා..//
මෑතදි බැලුවිට ආදර රේඛා
ඔබ රුව සිහිනෙන් හද ඇඳි රේඛා"
Galana Gangaki – ගලන ගඟකි,"Nanda Malani,Narada Disasekara",Chandrarathna Manawasingha,Pandith Amaradewa,"Classics,Movie Songs","ගලන ගඟකි ජීවිතේ දයාලූ ලෝකයේ//
මිහිර පතා ආදරේ
මිහිර පතා ආදරේ
ලපළු නටයි ගංතෙරේ
වැලිතල කිති කවන නටන
පෙම් රළ වැළ ඉවුරු බඳින
මිහිතලයට සුවය දැනෙන
උකුළු තලය බඳු නැලැවෙන
පෙමට පෙම පුදා..
තුඩට තුඩු දිදී..//
කුරුළු ගී නගයි//
ආ..දරේ..බැදීලා.."
Bambareku Awai – බඹරෙකු ආවයි,W.D.Amaradewa,Madawala S Rathnayaka,Pandith Amaradewa,"Old Pops,Request,Classics","බඹරෙකු ආවයි නිරිත දිගේයා
හද පෑරූවයි මියුරු රසේයා
මල් පරවූවයි - සෝකෙන් බෝමා
කඳුළු ගැලූවයි  එලෝ ගැබේයා//
සීත හිමේ ලෙනකට පිවිසුනාදෝ
ඈත එපිට ගිරිකුලකට ගියාදෝ//
මෑත මෙපිට මේ හදෙහිම ලගීදෝ
දෑස අඳුරු වී මා තනි වුනාදෝ
සලමින් සුමුදු පොඩි අත්තටු මියුරු සරින්
නලමුදු සුවඳ විඳගන්නට ගියත් වරෙන්
බල බිඳදමා හිරු යනවිට අවරගිරෙන්
සලමින් පිපුණ මල්පැණි බොනුරිසිව වරෙන්"
Bindu Bindu Tharaka – බිංදු බිංදු තාරකා,Gunadasa Kapuge,Lushan Bulathsinhala,H.M.Jayawardhana,Old Pops,"බිංදු බිංදු තාරකා කඳුලු මල් විලේ
උමතු වී සඳයි ඔබයි හිනැහුණා ‍රැයේ
සුබපැතුම් අගාධයේ ගීතිකා ඇසේ
අහිමි වූ ආදරේ රත්පියුම් පිපේ
තනිවී ගිම්හානයේ වැළපේ කොවුලා වනේ..//
සඳ මත ආදරයේ සෑය මැවේ
වියැකී බඹර ගීත මලක රොන් දැනේ
විෂ මදු පුරවා විතේ ගෙනදී දෝතින් ඔබේ..//
මා හද සෑය දවා දෑස නිවා
නන්වනු මන්දහාස මියෙන මා නෙතේ"
Birinda Mage Oba – බිරිඳ මගේ ඔබ,"Nanda Malani,Gunadasa Kapuge","Sunil Ariyarathne,Lyrics","Music,Gunadasa Kapuge","Duets,Classics","බිරිඳ මගේ ඔබ  නැ මා ඔබ‍ගේ බිරිඳ නොවේ
දෑගිලි හුයකින් බැඳි පමණින් මා ඔබගේ
බිරිඳ ‍නොවේ.. …….ඔබගේ බිරිඳ නොවේ
ඔබ පෙම් කල අය ඔබට ලැබී නැත
මා පෙම් කල අය මටද ලැබී නැත//
මාව් පිය නෑ සිය ආසිරි ගී මැද
දෑගිලි පමණක් එකට බැඳී ඇත
දෑගිලි පමණක් එකට බැඳී ඇත
සිරුරින් එකතැන හදවත් දෙතැනක
දෙදෙනෙකු වෙමු අපි එකම වහලයට..//
ඔබෙත් මගෙත් හද ගැහෙනා රාවය
අපට මියෙන තුරු හැදිනිය හැකිවෙද..
අපට මියෙන තුරු හැදිනිය හැකිවෙද"
Dam Patin La – දම් පාටින් ලා,"Malani Bulathsinhala,Gunadasa Kapuge",Lushan Bulathsinhala,Austin Munasinghe,"Old Pops,Duets,Classics","දම් පාටින් ලා සඳ බැස යනවා
ආකාසේ රන්වන් පාටයි
සමුගෙන යන්න මගෙන් තව මොහොතයි
නොදොඩා ඉන්නේ ඇයි……..
නොදොඩා ඉන්නේ ඇයි
දම් පාටින් සඳ මුහුණ පෙනෙනවා
වෙන්වී යන මොහොතක් නෑගෙයි
දෑසට ලංව තවත් මේ මොහොතේ
ගොළුවී ඉන්නෙමි මම්………..
ගොළුවී ඉන්නෙමි මම්
සෙවනැලි නොමැකේ නම්
එළිය කළු නොවේ නම්//
බිත්ති පුරා ඔබෙ සෙවනැලි ඇන්දේ
තනිය මකාගන්නයි
එනතුරු සොයා මගේ සෙනෙහස මතුදා
රෑ කල දිගුවේ නම්
ලා සඳ නොමැකේ නම්//
නෙළුම් පතක ‍රැදි පිණිබිඳුවක් සේ
ලමැද තලා යහනේ
ඉන්නම් පමාවෙලා හිරු නැගෙන තුරා"
Dawasak Pala Nethi – දවසක් පැල,Gunadasa Kapuge,"Ranbanda Senevirathne,Lyrics","Music,Gunadasa Kapuge",Classics,"දවසක් පැල නැති ‍හේනේ
අකාල මහ වැහි වැස්සා
තුරුලේ හංගාගෙන මා ඔබ‍ තෙමුනා අම්මේ
පායනතුරු හිටි පියවර හිටියා ඔබ අම්මේ
නුවර වීදි යටකරගෙන
නින්දා වැහි වැගිරුනදා
බිරිඳකගේ සෙනෙහෙ ගියා
යෝධ ඇලේ නැම්මේ
ඔබෙ සෙනෙහස සුවඳ දිදී
දැනුනා මට අම්මේ//
කොළඹ අහස කළුකරගෙන
මුහුදු හුළඟ හඬලනකොට ‍
ඔටුන්න බිම දා දුවගෙන
එන්නද එක පිම්මේ
මම එනතුරු ඉදිකඩ ළඟ
ඉන්නවාද අම්මේ//"
Desa Nilupul – දෑස නිළුපුල්,Gunadasa Kapuge,Piyananda Wijesundara,Gunadasa Kapuge,,"දෑස නිළුපුල් තෙමා  කඳුළු මුතුවැල් සලා
දෙතොල සුසුමින් පුරා ඉකිබිඳ
හඬනු මල් මාලියේ - හඬනු මල් මාලියේ
නිහඬ හදවත් පොතේ ලියැවුනූ
සොඳුරු ගී වැල් නැතේ මා තැනූ //
ඔබේ කඳුලැලි මා සිතේ
නිබඳ පදවැල් ඇඳේ
නිබඳ පදවැල් ඇඳේ
පබළු මිණිමුතු නැතේ මා සතූ
කඳුළු මුතු ඇට ඔබේ මා පැතූ
තුසර පිණි ලෙස මල් මතේ
කඳුළු කොපුලේ රැඳේ
කඳුළු කොපුලේ රැඳේ"
Dethola Nokee De – දෙතොල නොකී,Gunadasa Kapuge,Lushan Bulathsinhala,Gunadasa Kapuge,Old Pops,"දෙතොල නොකී දේ දෙනෙතේ කියවෙනවා
වසන් කරන හිත මුහුණේ ලියවෙනවා
නංගිගේ පාමුල ඉර හද තියලා
ආදර හිත ලග කවුරුද මුවා උනේ
හැඩරුව බලලා කැඩපත වෙහෙසන්නේ
පුංචි හිතේ පොඩි මදුමල් පිපිලාදෝ//
ගෙදර බුදුන් මුව උදානයක් වූ
නංගිගේ හිත ලග කවුරුද මුවා උනේ
බාල බොලදියේ ඉස්සර සුරතල් වූ
කවට සිනා කෙලි සගවා තබුවාදෝ
වසන්තයට පෙර කැකුලට ලංවී
නංගිගේ හිත ලග කවුරුද මුවා උනේ"
Kadamandiye – කඩමණ්ඩියේ,Nanda Malani,Sunil Ariyarathna,H.M.Jayawardhana,"Classics,Golden Oldies","කඩමණ්ඩියේ දොළ අයිනේ නුඹව පෙනී
නැවතී බලනවා මොහොතක් කොහොම හරී
කතා නැතිව සිටියත් ගොළු වෙලා අපී
දාහක් දේ තිබේ කීමට බැරුව වැසී
ගහ කොළ වලට දාහක් ඇස් ඇති හින්දා
සුළඟට සියුම් දාහක් කන් ඇති හින්දා
කවදාවත්ම නුඹ මට නොලැබෙන හින්දා
මුනිවත හොඳයි දෙබසින් දුක වැඩි හින්දා
සයුර මොටද දිය දෝතක් බොන්න බැරී
ඔරුව මොටද වතුරේ පැද යන්න බැරී
දෑස මොටද සිතු සේ දැක ගන්න බැරී
කුසුම මොටද ළංවී රොන්ගන්න බැරී"
Kala Wewen Gath – කලා වැවෙන් ගත්,Nanda Malani,Sunil Ariyarathna,Stanley Pieris,"Old Pops,Classics","කලා වැවෙන් ගත් දිය දෝතක් සේ
වටී වටී ඔබ මට මැ වටී
බෝධියකින් වට බෝ කොළයක් සේ
අගී අගී ඔබ මට මැ අගී
කැටපත් පවුරින් ගිලිහුණු කවියක්
සොරකම් කරගත් සෙරක ලෙසින්
සඟවාගෙන ඔබ සුරකිමි හද ගැබ
තනිවම කියවමි පද'රුත් පසිඳමි
සමනල සිරසින් විහිදුණු බුදු රැස්
සයැසින් දැකගත් මෙහෙණක මෙන්
පරමානන්දය ලබමින් ඔබ ළඟ
සඟමොක් සැපතෙහි අමරස වළඳමි"
Kap Suwahas Kal – කප් සුවහස් කල්,Nanda Malani,Jayathissa Alahakoon,Rathna S Disanayake,Classics,"කප් සුවහස් කල් පෙරුම් පුරාගෙන
අනන්ත බාධක දුක් පීඩා විඳ
භවෙන් භවය යන මං සළකුණු දැක
ඔබව සොයා ආවා
ඔබව සොයා ආවා //
සත් සමුදුරු තරණය කර ආවා
සත්කුළු පව් අතරින් දිව ආවා
තරු එළියෙන් පියවර මැන ආවා
ඔබව සොයා ආවා
ඔබව සොයා ආවා
නොනිමෙන ගමනක ආශා පොදි බැඳ
මිරිඟුව පසුපස දිව යන ඉකි බිඳ
දිවි වෙණ වැයුමට ඔබ පසෙකින් හිඳ
ඔබව සොයා ආවා
ඔබව සොයා ආවා"
Kurutu Ga Gee – කුරුටු ගෑ ගී,Nanda Malani,Sunil Ariyarathna,Stanley Pieris,Classics,"කුරුටු ගෑ ගී‍ පොතේ කුරුටු ගී කෑ ගසා
ගිලන් හද පාරවා ගෙනේ වද වේදනා
කුරුටු ගෑ ගී පොතේ
ඔබෙන් පෙරදා උගෙන කවිකම් ලියූ කවි ගීතිකා
ඔබේ නාමෙන් හැඩූ කදුලින් ගයමි මම කිවිදුනේ
මියුරු කවිවැල් කුරිරු ස්ව‍රයෙන් ඇසේ රෑ යාමයේ
නොලැබ කිවිදුන් කුමට කවිකම් කිවිද මට කවිලොවේ"
Ma Handana Kandulu – මා හඬනා කඳුළු,Nanda Malani,Sunil Ariyarathna,H.M.Jayawardhana,Classics,"මා හඬනා කඳුළු ගලා
සැදුනු කඳුළු සාගරේ
ඔබ ඇය හා ඔරු පැද පැද
සිනාසුනේ ඇයි...සිනාසුනේ ඇයි
ඔබ දෙපසින් ගලා ගියේ
ඔබට හැඬූ කඳුළු නේද
මලක මෙලෙක තිබුනු හදක්
ගලක් කලේ ඇයි...ගලක් කලේ ඇයි
සියුමැලි හද රිදවන්නට
හද රිදවා හිනැහෙන්නට
ඔබ නොපෙනූ අසරණ මට
සතුරු වුනේ ඇයි...සතුරු වුනේ ඇයි"
Lowama Epa Wee – ලොවම එපා වී,Nanda Malani,Sunil Ariyarathna,Mervin Perera,Classics,"ලොවම එපා වී ලොවම කලකිරී
තැවී දැවී හිදිනා වේලේ..
ඔබේ දයාබර එකම වදනකින්
මගේ ආත්මය සුවපත් වේ
අසා අසෝබන නින්දා ගැරහුම්
වැලහින්නක සේ වැලපෙන මොහොතේ
පවනේ පාවෙන ඔබේ සුවදකින්
පිපාසිත වූ හද සිහිලැලි වේ
ලබා නොමිනිසුන් නගනා ගෙරහුම්
මුවැත්තියක සේ බියපත් මොහොතේ
සිරුරේ තැවරෙන ඔබේ සුසුමකින්
මුළුගැන්වුනු සිත උණුසුම් වේ"
Mage Deshaya – මගේ දේශය,Nanda Malani,Sunil Ariyarathna,Rohana Weerasingha,Inspirational,"මගේ දේශය මගේ ජාතිය මගේ ආගම
මට ලබාදුන් ත්‍යාගයයි
චණ්ඩ මාරුතයේ ආ ආ ආ ආ ආ ආ ආ
නොසෙල්වෙන චින්තනය නිවහල්
නිවටයින්ගේ දෙපා අභියස
බියෙන් හැකිලී නැමී යා….. නම්
එවන් සිරසක් කුමකටද මට
ගෙලින් සිඳ එය ඉවතලනු මිස
මිළ මුදල් ලැබ කුවේරයින්ගේ
සිතට එරෙහිව ගයන්නට   නම්
ඒ මධුර හඬ කුමකටද මට
ගොළුව බිහිරිව සතුටු වනු මිස"
Duka Hadu Dena – දුක හාදු දෙන,Gunadasa Kapuge,Wasantha B Dissanayaka,Gunadasa Kapuge,"Old Pops,Classics","දුක හාදු දෙන රැයේ සිත පතුලටම වෙලා
යෞවනේ අපට විය විරහි හද ගිලන් වෙලා//
ගහ කොල ද මල් පිපේ ඇළ දොළ
නිල කඩා හැලේ
පෙරදාක මිරිඟු සයුරේ ඒ රුවට රැවටුනේ
නන්නාඳුනන ලෙසේ මග තොට
යලිත් හමුවෙලා
මහමෙර හිසින් දරාගෙන අපි යමු දුරස් වෙලා"
Danno Budunge (New Version) – දන්නෝ බුදුන් ගේ,W.D.Amaradewa,,,"Inspirational,Buddhist songs","දන්නෝ බුදුන් ගේ ශ්‍රී ධර්මස්‌කන්ධා
පේවී රකිති සොඳ සීලේ නිබන්දා//
ක්‌ලේශ නස්‌නා භික්‍ෂු ඇත්තේය බෝ සේ
ක්‌ලේශ නස්‌නා භික්‍ෂු ඇත්තේය බෝ සේ
රහතුන් නිවසනා     පායා ප්‍රකාශේ//
භූලෝ මතේ මේ දෙවු ලෝ පෑ වාසේ
පේනා මෙපුර මුනි සාසන වාසේ//
ඉර්ධියෙන් යන්නාවු නේක්‌ රහතුන් ගේ
ඉර්ධියෙන් යන්නාවු නේක්‌ රහතුන් ගේ
සෙවනැල්ලේනි හිරු   රශ්මිය භංගේ//
මානෙල් නෙළුම් හා ඕළු පුෂ්පා දී
ඇත්තේ පොකුණුවල බෝ ජල පෑදී//
සේරූ පන්තී පන්තී පීනති බෝසේ
සේරූ පන්තී පන්තී පීනති බෝසේ
අනුරාධ නගරය     දැන් පෙනෙනා සේ//"
Domba Mal Kalawe – දොඹ මල් කැලෑවේ,Gunadasa Kapuge,Wasantha B Dissanayaka,Gunadasa Kapuge,Old Pops,"දොඹ මල් කැලෑවේ බමරුන් ගැයූ
කවියක් වගේ ආදරේ...
අත්වැල් බැඳන් යන්න  ලංවී ලඟින් ඉන්න
සංසාර ගිරි දුර්ගයේ...//
රෑ පිණි පොදේ සීත මිටියාවතේ
මේ කේතකී මල් වනේ...
සඳ සේ උදාවූ සෙනෙහේ නිමාවේද
දුක් දොරකඩින් හෙට දිනේ
කටු තුඩු මතින් එන්න කුර ගාව ගාවා
හිනැහී දෙතොල් ඉරි තලා..
පෑතුන් සඳක් නිසරු අහසේ දිලේවා
කටුවැට උඩින් පාවෙලා"
Man Mula wee – මං මුලා වී,Gunadasa Kapuge,Sunil Ariyarathna,Gunadasa Kapuge,"Old Pops,Classics","මං මුලා වී පාර හොයාගෙන
හසරක් අසමින් යන ගමනේ
මං මුලා වූ සමනලියකගෙනි
පාර අසා……. තිබුනේ
ඇයත් නොදන්නිය ඇය යන මානය
උන් හිටි තැන් මතකය අඩමානය//
පාර කියන්නේ කෙලෙසද මා හට
ඇයටද පාරක් ඇති නැති ගානය
අප හමු වූයේ මන්දැයි නොදනිමි
පාර ඇසූවේ ඇයි දැයි නොකියමි
අපේ ගමන අද නවතනු හැකි නම්
අප යන ගමනද අද මෙතැනින් නිමි"
Man Hinda Obe – මං හින්දා ඔබෙ,"Malani Bulathsinhala,Gunadasa Kapuge",Lushan Bulathsinhala,Gunadasa Kapuge,,"මං හින්දා ඔබෙ නෙතඟින් කඳුළක් හෙලන්නෙපා
මං හින්දා ඔබෙ හද තුල සුසුමක් නැඟෙන්නෙපා
ගිවිසා ගනිමු අපි
පෙම් යුවලක් සේ කිසිදා එක් නොවෙනා
අහස් මාලිඟා නැහැ ඔබ නිසා මැවී
සැක සංකා නැහැ ඔබ ගැන හිතේ රැඳී
හිමිකම් නොකියමි ඔබට මගේ කිසිදා
උරණ නොවන්නෙමි ඔබ අන්සතු වූ දා
අතැඟිලි බන්ධන නොපතමි පෙමින් බැඳී
ඔබ සිරකරලන දොරගුලු දමණු බැරී
නෑ කුල සිරිතෙන් සැලෙනා පෙමක් නොවේ
පෙමට පෙමින් යන පෙම් ලොව මෙයයි අපේ"
Nambara Goyamata – නාඹර ගොයමට,Gunadasa Kapuge,Saman C Weerasinghe,Shelton Premarathna,Old Pops,"නාඹර ගොයමට රහස් කියාලා
ලා හිරු හිනැහේ…… කිරණ හලලා
දෑසේ පෙම්බර රහස ලියාලා
නාරිලතා මා……. අමතනවා
මගෙ පියසටහන් හඳුනන ඔබෙ නෙත
හිමිදිරියේ දුටු සුභ දසුනයි
කම්මල මැද වෙහෙසෙන විට ගතසිත
ඔබගැන මතකය මද පවනයි
බලාපොරොත්තුව කිරිවැදිලා හෙට
ගමේ කුඹුර මදහස පෙන්වයි
මංගල සිරියෙන් කරල් කපන දා
හිතාඉන්නෙ ඔබෙ අත ගන්නයි"
Ninda Nethi Raye – නින්ද නැති රැයේ,Gunadasa Kapuge,Rathna Sri Wijesinge,Gunadasa Kapuge,"Old Pops,Classics","නින්ද නැති රැයේ සඳ කඳුළු මීදුමේ
හැංගිලා හඬන්නෙ ඇයිද ප්‍රථම ප්‍රේමයේ
තාරුකා දියේ ගිලේ නිල් එළිය නිවේ
වැහි බිංදු වැටේවී... ‍රෝස පෙති කඩා හැලේ
කිළිපොලා සැලී යමින් නොයිම් සීතලේ
තුරුළු වෙමි දෙනෙත් පියා ඔබගෙ උණුසුමේ
ජීවිතය  ඉතින් අපේ සිහිනයක් නොවේ
හෙට උදේම අවදි වී යායුතුව තිබේ
රැය ගෙවේ සඳත් නිවේ දුරයි ජීවිතේ
ඉතින් අවසරයි මගේ පුංචි කුමරියේ
කටු වලට දෙතොල් තියා මලක් නැති ගසේ
සිඹිමි එකම හාදුවයි සොදුර ඒ මගේ"
Ada Deegeka – අද දීගෙක,Sunil Edirisinghe,Dharmasiri Gamage,Rohana Weerasingha,Old Pops,"අද දීගෙක ගිය නුඹ මට බුලත් අතක් දීලා
යන්න පිටත් වූ මොහොතේ මගේ දෙපා වැඳලා
එතෙක් සිනහවෙන් සිටි මා කොහෙදෝ තනි වීලා
නෙතේ කඳුළු සිරකර ගෙන සිටියෙමි ඉවසාලා
පුංචි නංගියේ, මගේ පුංචි නංගියේ
පුංචි නංගියේ, මගේ පුංචි නංගියේ
මා සිටියත් ඉවසා ගෙන නෙතේ කඳුළු නොසලා
අප දෙන්නා දිහා බලා උන් අම්මා දැකලා
ඇගේ නෙතින් කඩා හැළුණු කඳුළු මතක් වීලා
කවුරුත් නැති තැනකට වී හැඬුවෙමි තනි වීලා
පුංචි නංගියේ, මගේ පුංචි නංගියේ
පුංචි නංගියේ, මගේ පුංචි නංගියේ"
Daskon Sakisanda – දස්කොන් සකිසඳ,"W.D.Amaradewa,Neela Wickramasinghe",,,Duets,"දස්කොන් සකිසඳ ඉක්මන් ගමනින්
නො එනා ගමනකි යන්නේ
එනමුත් ළඳුනේ මතු අත් භවයේ
ඔබ මා යලි හමු වන්නේ//
සියොළඟ හිමි ළඟ හදවත මා ළඟ
කෙලෙසද හද බැඳ ලන්නේ
කවුදෝ ‍රැකවල් ලන්නේ
ඔබ මා යලි හමු වන්නේ
මිය යමි මනු ලොව හමු වෙමි පෙම් ලොව
ලොව්තුරු සුව  වළඳින්නේ
කිසිදා නැත හමු වන්නේ
ඔබ මා යලි හමු වන්නේ"
Dathe Elli – දෑතේ එල්ලී,W.D.Amaradewa,Swarna Sri Bandara,Pandith Amaradewa,"Request,Current Songs","දෑතේ එල්ලී මියුරු කතා කී
සුරතල් දෝණියනි
කාලයෙ රියසක මහලු මගෙන් ඔබ
ඈතට ගෙන යන්නේ//
බොළඳ මියුරු බස් සවන් නිවාලූ
කැකුළු සිනා රස සිත සනහාලූ//
අතීත සිහිනය බොඳවී දියවී
ඈතට පාවෙන්නේ  ඈතට පාවෙන්නේ
පරපුර වඩන ලෙසින් වෙහෙසෙන ඔබ
ඇස නැළවූ සිත පිනවූ//
මතක වළාවෙන් නොපෙනෙන ඈතට
වැලිබත පාවෙන්නේ වැලිබත පාවෙන්නේ"
Etha Kandukara – ඈත කඳුකර,W.D.Amaradewa,,,"Inspirational,Classics","ආ…….ආ……ආ…….ආ……..
ඈත කඳුකර හිමව් අරණේ
සීත චන්දන ලපලු සෙවනේ
සුළං රැල්ලේ පාව එන්නේ
ඔහුගෙ නාමය වේ//
සඳැල්ලේ මිණි තලාවේ - තාරකා පිපි වෙලාවේ//
ලදැළියන්ගේ හීන අතරේ - මැවෙයි ඒ රූපේ
රනින් කල වන් පුළුල් උරයෙන්//
හසුන් ළමැදේ මුස කරන්නේ
හදේ මෝරන ආදරේ
සඳේ සොමි ගුණ යා කෙරේ//
සරා ගී නිල් නුවන් බඳුනින්
නුරා ඉතිරෙන්නේ"
Ruwak Adenawa – රුවක් ඇදෙනවා,"Karunaratna Divulgane,Gunadasa Kapuge",Mahinda Dissanayaka,Gunadasa Kapuge,"Old Pops,Classics","රුවක් ඇදෙනවා කවුදෝ එනවා
මීවිත ඇතිරිය දෑස වසනවා
හද පොදි බැදි රුව දියකර පා කර
ඔබේ ලොවට මා..මොහොතින් එනවා
සොදුරු යොවුන්විය මල් මඟ මුල හිද
කිම තොල මීවිත පොඟවන්නේ...//
නුරා විරහ ගිනි නිවා දමන්නයි
සුරා වෙතින් මා දෙතොල තෙමන්නේ
නැගුනු නුරා ගිනි මිනි පොද වැටිලා
හතර අතින් දළුලා එනවා...//
අවන්හලේ මී….විත තනිකරලා
වරෙන් මලේ පියවර නගලා"
Sabanda Api – සබඳ අපි කඳු,Gunadasa Kapuge,Dharshana Mendis,Gunadasa Kapuge,"Old Pops,Classics","සබඳ අපි කඳු නොවෙමු
උනුන් පරයා නැගෙන
සුනිල දිය   දහර වෙමු
එකම ගඟකට වැටෙන
වියරු ගිනි දැල් නොවෙමු
වනය අවුලා තබන
සිහිල දෙන වැස්ස වෙමු
දැවෙන කැලයට වසින
නපුරු හී……නය නොවෙමු
ළමුන් නිදි සුව බිඳින
සොඳුරු අඬහැරය වෙමු
දනන් නින්දෙන් මුදන"
Oba Pem Karana – ඔබ පෙම් කරනා,Gunadasa Kapuge,Sunil R Gamage,Gunadasa Kapuge,Classics,"ඔබ පෙම් කරනා ඔබේ කුමාරි
ඔබට ආදරේ කියනා අයුරින්
පෙර දවසක මා පෙම් කරනා සඳ
මටද ආදරේ කියා තිබේ
ඔබ පෙම් කරනා ඔබේ කුමාරි
මටද ආදරේ කියා තිබේ
සාගර වෙරළේ සොඳුරු සැන්දෑවක
රඟහල කෙලවර අඳුරු නිමේෂෙක
අද ඔබ ලග ඔබ සනසාලන ඇය
පෙර දවසක මා තුරුලට වී ඉඳ
මටද ආදරේ කියා තිබේ
සක්මන් මළුවක දෙපා ගෙවෙද්දී
දොඩමලු පෙම් බස් ගොළු වී යද්දී
මා සමුගෙන ඔබ වෙතට පැමිණ ඇය
සනහස සඟවා දෙනෙත නුරාවෙන්
මටද ආදරේ කියා තිබේ"
Ahasai Oba Mata – අහසයි ඔබ මට,"Deepika Priyadarshani,Sunil Edirisinghe",Bandula Nanayakkarawasam,Rohana Weerasingha,Duets,"අහසයි ඔබ මට නිම් හිම් නොපෙනෙන
හිනිමන් බදිනු බැරි
පොළොවයි ඔබ මට තරුවක් විලසට
රෑකල පතිත වෙමි
ගඟේ වතුර නැ ඉහලට ගලා ගියේ
අසනි හඩින් නැ කදුබිම් සසල වුනේ
ගඟ කවදා හෝ මුවදොර හමුවෙනවා
ලොව කැළඹුන දා කදුබිම් හැකිලෙනවා
‍අනාත සයුරක වැහිදිය දෝත ඔබයි
අගාත අඳුරක දොල රන් සිළුව ඔබයි
ඔබ මට ලඟ බව ඉදුරා මම දනිමි
ඔබ වට කහවනු පවුරට මහ දුරකි"
Ahasa Polawa – අහස පොළව,Sunil Edirisinghe,Yamuna Malani Perera,Rohana Weerasingha,Old Pops,"අහස පොළව වටපිටාව හරිම හිස්තැනක්
ගහක් කොළක් දියක් නොමැති කාන්තාරයක්
ඇදී එන්න ඒ මොහොතේ
හඬාවැටෙන හද මඬලට
ඔබයි මමයි ඉන්නා තැන කොහිද තනිකමක්
නැහැනේ තනිකමක්
කනට මිණක තරුවක රුව
නොපෙනුනි ඔබ දකින තුරා
ලොවක සිරිය නොදුටිමි මා
ඔබෙ සෙනෙහස ලබන තුරා
විලක දොලක සුව නොලදිමි
ඔබ මා හා රැඳෙන තුරා
මලෙක සුවඳ ඇත මසිතේ
ඔබ මා ළඟ සිටින තුරා"
Gilem Obe Guna – ගිලෙම් ඔබේ ගුණ මූදේ,W.D.Amaradewa,,,"Inspirational,Classics,Buddhist songs","ගිලෙම් ඔබේ ගුණ මූදේ විඳිම් ඔබේ දම් සාරේ
වඳිම් වඳිම් ඔබ පාදේ තිලොඅග බුදු සමිඳේ
තිලොඅග බුදු සමිඳේ
සිඳ බිඳ මොහඳුර පාප - දැල් වූ දහම් ප්‍රදීප//
හෙළි කළ අප හෙළ දීප - තිලොඅග බුදු සමිඳේ
තිලොඅග බුදු සමිඳේ
සිල් ගත් දිනිඳුන් සේම - සිල් තෙද ගුණ ඇති සෝම
සත හට පෑ මවු ප්‍රේම - තිලොඅග බුදු සමිඳේ
තිලොඅග බුදු සමිඳේ"
Asuweda Kaurun Ho – ඇසුවේද කවුරුන්,Sunil Edirisinghe,Kumaradasa Saputhanthri,Rohana Weerasingha,Classics,"ඇසුවේද කවුරුන් හෝ නුඹෙන්
හැඬුවේ ඇයි ද ප්‍රේමේ නමින්
විමසා නැතිද කිසිදා ඔබත්
කඳුලින් තුරන්වූ ප්‍රේමයක්
සතුටේ උපත කඳුලයි සදා
හද වේදනා දෝතින් ගෙනා//
පවනේ සිසිල සුසුමයි සිතේ
පෙම් ප්‍රාර්ථනා විදදා ගෙනා
පිපි මල් මතින් පියමන් කලෝ
දිනුවේද කවදා ප්‍රේමයෙන්//
විදි වේදනා සතුටින් දරා
පැරදී ගියේ කවුදෝ එයින්"
Awapasa Ahasaka – අවපස අහසක,Sunil Edirisinghe,Kularathna Ariyawansa,Rohana Weerasingha,Old Pops,"අවපස අහසක තරු ලකුණක් සේ
අපමණ සයුරක තුරු දසුනක් සේ
දිගු දිවි ගමනේ ඉම ඔබ රැඳුණේ //
මාවත අවහිර නිමවා
දළ රළ පෙල සැතපෙනවා
සැළමුතු සෙනෙහස මඳ පවනක් වී
ගැඹරේ නිම මුමුණනවා
දෝතක අසෙනිය ගවසා
ඔබ පෙරමඟ හිනැහෙනවා
විකසිත සිහිනේ සුබ කවියක් වී
දෙනෙතේ සිත ලියැවෙනවා"
Giman Harina (Adarayada Me) – ගිමන් හරින,W.D.Amaradewa,,,Current Songs,"ගිමන් හරින දියඹ දිගේ සුසුම් හෙලන වෙරළ ඉමේ
බැස යන හිරු අඩැසි සඳට රහස් කියනවා
සඳ ආදරයෙන් අහස පුරා ර‍ටා මවනවා
හිත් දැහැනේ වේලි තිබුණු නෙත් දැහැනේ ගලා හැලුණු
මියැදෙන්නට බලා හිඳපු - ආදරයද මේ
හිරු රහසේ කියා දුන්නු ආදරයද මේ
නිල් කටරොළු නිල නැහැවුනු මල් බර මුදු සුව රජයන
තොල් පෙති කල් පලදාලන - ආදරයද මේ
නුඹ රහසේ කියාදුන්නු ආදරයද මේ"
Hanthane Kandu Muduna – හන්තානේ කඳු මුදුන,W.D.Amaradewa,,,Old Pops,"හන්තානේ කඳු මුදුන සිසාරා පවනක් වී එන්නම්
ඔබේ සුවඳ රැඳි කුටිය සමීපේ කුසුමක් වී ඉන්නම්...
කුසුමක් වී ඉන්නම්
තුන් මහළින් සැදී සරසවි පායේ මල් කැටයම් සෙවනේ
සිරිපොද වැස්සේ නැගුනු සතුටු රළ
මිරිගු සයුර විනි අතීතයේ- මිරිගු සයුර විනි අතීතයේ
පාළු නිසංසල කඳු වැටි අතරේ මහවැලි ගං ඉවුරේ
අත් තටු සිඳගත් විහඟ විලාසෙන්
අපේ පැතුම් ඉකිබිදිනු ඇසේ - අපේ පැතුම් ඉකිබිදිනු ඇසේ"
Hanthana Sihine – හන්තාන සිහිනේ,"W.D.Amaradewa,Umariya Sinhawansa",,,"Duets,New Pop","බලා වැලපෙමි නෙලාගනු බැරි හන්තාන සිහිනේ
දරා නෙත් අග දොවා සිත් මල ගොතනු මැන ළදුනේ
සංසාර සිහිනේ
වැහි පබළු යට රගමඩල මැත ඔබේ දෑතේ තුරුළු වෙන්නට
බිසෝ හැර ගිය ලසෝ රග හළ අමාවක අදුරේ
නොඑනු මැන ළදුනේ
වඩින තුරු සද- දුරින් ඉන්නම් - තරු ඇදුරු පෙම් ගී අහන්නම්
සොදුරු ඒ සද දියේ එන්නම් - ඉදිනු මැන සොදුරේ
හන්තාන අරණේ"
Jagan Mohini – ජගන් මෝහිනී,W.D.Amaradewa,Chandrarathna Manawasingha,Pandith Amaradewa,Classics,"ජගන් මෝහිනී මධුර භාෂීණී
චාරු දේහිනී කමල වාසිනී
සරස්‌වතී දේවී වන්දේ
සරස්‌වතී දේවී…….රී…..රී….. රී
කම්පිත කංචන මාලා කූජිත කිංකිණි නූපුර ජා…ලා//
පාද සරෝඡේ කටී තටාකේ//
චංචල නර්තන ලී……..ලා
චංචල නර්තන ලීලා  ආ..ආ
මීන මකර පංකජ රූපාකුල අංකිත කුංකුම රේ..ඛා//
පූර්ණ කුම්භ ම්ව පීන පයෝධර//
පූරිතා මෘත ධා…රා
පූරිතා මෘත ධාරා ආ..ආ
භාග්‍ය සාධන පුණ්‍ය මූර්තිධර සුරකුලවර අභිරූ… පා//
දේහි දේහි වරදායක හස්‌තේ//
ශුභ මංගල මූද්‍රා…..ආ
ශුභ මංගල මූද්‍රා ආ.ආ..ආ"
Kale Gahaka – කැලේ ගහක,W.D.Amaradewa,,,Classics,"කැලේ ගහක මල් පිපිලා සුවඳ ගලනවා
හදේ ලැගුම් ගත් බඹරුන් රොණට වඩිනවා
රේණු තලා මල් නොතලා උන් පැණි බොනවා
මගේ දෑස මට නොකියා කරදර දෙනවා
ගලා හැලෙන අඳුර මැදින් නුවන් පිපෙනවා
මලේ මහිම ඒ අතරේ මට හමුවෙනවා
සදා සතුට සිහින ලොවේ කිරුළු දරනවා
මා තනි වූ විටදී පමණි එ මල දකින්නේ
හිරු සඳු මෙහි විත් මොකටද කරදර දෙන්නේ
අඳුර සමඟ මොහොතක්‌ මට ඉන්නට දෙන්නේ"
Chandra Madala – චන්ද්‍ර මඬල,Sunil Edirisinghe,Kularathna Ariyawansa,Rohana Weerasingha,Old Pops,"චන්ද්‍ර මඬල බැද්ද වටින් මෝදු වෙලා
කළු නැන්දගෙ දුව යන්ට ගියා
බැල්ම හෙලා   බැල්ම හෙලා //
පාළු පැලේ අඳුර පිරේ
මගෙ පැලට වරෙන් හනික සෝඩි නඟේ //
දුරුතු හඳේ සිහිල වගේ
තනි හිතට මගේ පාළු දැණෙයි නඟේ //"
Chandra Mandale – චන්ද්‍ර මණ්ඩලේ,Sunil Edirisinghe,Rathna Sri Wijesinge,Rohana Weerasingha,"Request,Classics","චන්ද්‍ර මණ්ඩලේ සැතපුණ පුංචි සාවියේ
මන්ද කියාපන් නොකියා හැංගිලා ගියේ
පාන නිවුන සේ පාළුයි ලැයින් කාමරේ
මන්ද නුඹ ගියේ කියපන් පුංචි සාවියේ
ලාභ රත්තරන් දිලිසෙන පාළු වීදියේ
ගෑනු ළමයි පියාඹලා ඉස්සරත් ගියේ
උන්ට සෙයිලමේ මඟතොට පාර වැරදුණේ
අන්න ඒ නිසයි මට දුක රත්තරන් දුවේ
මාල බැඳන් සුදු යකඩෙන් රෝස මල් වනේ
මාල ගිරව් ගේ දොරකඩ සිංදු කිව් වෙලේ
හීනෙනුත් හිතුනෙ නෑ මට මොකද කාරණේ
පාර මතකනම් තාමත් ගේ ලඟයි දුවේ"
Devani Budun Lesa – දෙවැනි බුදුන් ලෙස,Sunil Edirisinghe,Sunil Ariyarathna,Rohana Weerasingha,"Inspirational,Classics","දෙවැනි බුදුන් ලෙස ලොවම උවම් කල
ලොවක පිදුම් ලද ලොවට උතුම් ලඳ
අම්මා... අම්මා...අම්මා
දෙසවන් සනහා මා නැලවූ ඔබ
මියුරු මියැසියේ අරුත කියා දුනි
ඒ මියැසිය අද මා ගයනා විට
මා සිපගන්නට ඔබ මා ලඟ නැත
අම්මා... අම්මා...අම්මා
ඇසට හඬන්නට කඳුලැලි දුන් ඔබ
ලතැවුල් දරනා දිරිය ලබා දුනි
ඒ දිරියෙන් ලොව ජය ලබනා විට
මා සිපගන්නට ඔබ මා ලඟ නැත
අම්මා... අම්මා...අම්මා"
Devole Nokalal – දෙවොලේ නොකැළැල්,Sunil Edirisinghe,Sunil Ariyarathna,H.M.Jayawardhana,Old Pops,"දෙවොලේ නොකැළැල් පිදු ආදර මල්
සුවඳින් මනකල් පිබිදෙමි හැමකල්//
මලෙකින් මලකට ඇදෙමින් නොඉඳුල්
නිගා දෙවයි පෙම් ලොවටම මිහිලුන්
එක මලකින් පමණක් රොන් ගන්නම්
අන් මල් මත නොතබා උණු කඳුළැල්
පවසට ඵල නැත සයුරේ රළ වැල්
දිය දෝතක් ගමි දොලකින් සිහිලැල්
පීඩිත වී සිටිනා සඳ අඳුරේ
ඔබ පමණයි ගෙන ආවේ හසරැල්"
Dewedi Dennata – දෑවැදි දෙන්නට,Sunil Edirisinghe,Premakeerthi De Alwis,Rohana Weerasingha,Old Pops,"දෑවැදි දෙන්නට රන්මසු පොදි නැති
ගෙදරට බර වුණු බාල නඟේ
නුඹ ගෙනියන්නට ගමෙත් කෙනෙක් නැහැ
රටෙත් කෙනෙක් නැහැ බාල නඟේ //
විරසක වීලා විරහ අපලයෙන්
නුඹෙ ඉරණම නුඹ ළඟට නොයේ
නිදිබර දෑසයි දැලි ගෑ මුහුණයි
ලිප මුල්ලේ යෞවනය ගෙවේ
රන්දම් පැලඳිය යුතු ගෙල වටකර
නවගුණ වැල පෝ දිනට බැඳේ
දීගෙක ගියදා නුඹට දැනේවී
තනිකඩකම කොච්චරද අගේ"
Duwe Numba mage – දුවේ නුඹ මගෙ,Sunil Edirisinghe,Bandara Ahaliyagoda,Rohana Weerasingha,"Inspirational,Classics,New Pop","දුවේ නුඹ මගෙ ප්‍රාණයයි
සැබෑ වුණ සුබ සිහිනයයි
සෙනෙහසින් කුලගෙට පියනගන්නේ
සනුහරේ අභිමානයයි //
මං මලක් ලෙස නුඹ නොහැදුවේ
පෙති හැලී පරවෙන නිසාමයි
දුක දිනා හිනැහෙන හැටි දුවේ
නුඹ දැන උගත් පාඩම තමයි
මිල මුදල නිල බල යා නොදෙයි
මිල මුදල නිල බල යා නොදෙයි
කළ හොඳම විතරක් ඉතිරිවෙයි
කළ හොඳම විතරක් ඉතිරිවෙයි
අප මී මුතුන් මිත්තන් එදා
සිය ලේ කඳුළු දහදිය පුදා
පරපුරෙන් පරපුරට රැගෙන ආ
ඒ ගෞරවය මගෙ දුව තමා
නුඹ යන්නෙ හිස් දෑතින් නොවේ
නුඹ යන්නෙ හිස් දෑතින් නොවේ
ගෙනියන්නෙ ඒ අභිමානයයි
ගෙනියන්නෙ ඒ අභිමානයයි"
Eka Yaye Kaka – එක යායේ කකා,"Sunil Edirisinghe,Edward Jayakody,Bandula Wijeweera",Premakeerthi De Alwis,H.M.Jayarathna,Movie Songs,"එක යායේ කකා වැටී එකා වගේ එකට ඉදී
එක පවුලේ උපන් ලෙසේ කල ආරක්ෂා
නාස් ලනුව දමනවාලු කරත්තයක බදිනවාලු
අපට හිටිය ලපටි කැකුළු නාඹර වස්සා
ගෙට ආකල ටිකිරි ලියා නුඹ වේවිලු කබරගොයා
ලිදට ගියත් අවසරයක් ගන්නට වේවී
දල ගලවා අතේ තියා නුඹ නටවයි ඒ ළමයා
පනවාලා දරුණ දණ්ඩ බන්ධන නීති
වලට වැටුනු එකායකා වලටම ඇදගනු මිසකා
වලෙන් උඩ ට එන්නට අත දෙන්නට කැමති
නෑදෑහිතවතෙක් නැති ඒගැන හිතුවොත් යෙහෙකි
කසාදෙ නම් කසාය හරි තිත්ත බෙහෙතකි"
Epa Yali Hamuwanna – එපා යළි හමුවන්න,Sunil Edirisinghe,Dishan Nanayakkara,Karunarathna Wijewardhana,Current Songs,"එපා යළි හමුවන්න ජීවිතේ ගමන් මඟ
ඔබෙන් මට උරුම වූ වේදනා කඳුළු ගඟ
හිරු සිනාසෙන ලොවක පැතුම් මල් දෙවැට ලඟ
ඔබේ ජීවන සුවඳ අරන් ඈතට යන්න
සංසාර ගමන් මඟ සෙනෙහස සොයා දිනක
ආ ගමන නිමා කල ඔබේ හදවත ගාව
සෙනෙහසේ අවසාන කඳුළු බිඳුවක පහස
ගලා යයි අතීතේ මිය ඇදුණු සොහොන ලඟ
ඔබ මවෙත තිළිණ කල ඔබේ බැතිබර සුවඳ
මගේ මතකය වසා සදා කල් රැඳෙනු ඇත
සංසාරයේ යළිදු නවාතැන් සොයායන
මගේ මළගමදාට ඇවිත් යන්නට එන්න"
Hada Parana Rudu – හද පාරනා රුදු,Sunil Edirisinghe,Kularathna Ariyawansa,Sarath De Alwis,"Request,New Pop","හද පාරනා රුදු වේදනාවන්
කුරිරු වූ ලෝකෙන්
නැගෙනා පැයේ නොසැලී හිඳින්නම්
මා සිනා දෑසින්//
තනිව නැගෙද්දී පෙරට ඇදෙද්දී
මාවත අවුරණ ලොවක මෙසේ//
තනිවූ දෙපයින් ජීවිතයේ
බාධක දිනන්නෙමි
පහර වදිද්දී සැවොම රිදුම් දී
ඒ සිත හඬවන ලොවක මෙසේ//
තනිවූ දෑසින් යායුතු වූ
මාවත දකින්නෙමි"
Handana Pana Nala – හඬන පණ නල,Sunil Edirisinghe,K.D.K.Dharmawardhana,Lakshman Wijesekara,Movie Songs,"හඬන පණ නල යදින සැනසුම
දැවී යයි හද චිතකයේ
කඳුළු බිඳුවක සිසිල පමණකි
වියළි කතරට හිමිවුණේ
යොවුන් සිතිවිලි විපිලිසර වී
මහළු ලොව තුල මිය ඇදේ
සයින් පීඩිත හඬන සුරගුරු
යදී සිඟමන් මාවතේ
රකුසු පියසක පිපුණු කුසුමට
මලවි හමුවන පින නැතේ
දෑස නැති විට නුහුරු මං පෙත
සරණ පා යුග පටලැවේ"
Hade Kothanaka – හදේ කොතැනක,Sunil Edirisinghe,Kumaradasa Saputhanthri,Rohana Weerasingha,,"හදේ කොතැනක හෝ හිඳී ඔබ
නිදා නොනිදා මෙන්
බලා අවසර සොයා කල් දැන
වෙලා හස රැහැනින්
පෙළයි මා, මුදා සුව දැහැනින්
සයුර ඉම රත් සිතිජ රේඛාවේ
මියෙන හිරු සේ ගිලී ගිම් අඳුරේ
තලා මා සිත පලා ගිය ඔබ
දවයි මා….හද, තනිවෙනා මොහොතින්
උතුම් පිවිතුරු ප්‍රේමයේ නාමෙන්
සහස් සුවහස් පැතුම් බල මහිමෙන්
ඉනූ කඳුලද සිඳෙන්නට පෙර
යදින්නම්…. ඔබ, මැකී යනු මතකෙන්"
Kandulu Kathawe – කඳුළු කතාවේ,W.D.Amaradewa,,,Old Pops,"කඳුළු කතාවේ නිමක් දුටුව දා
සිහින ලතාවේ මලක් පිපුනු දා..//
සතුටු ගඟක් ගැලුවා - හදට හදක් බැඳුනා
ආසිරි චාමර පවන් සැලී
සෝ දුක් සංකා සෙමින් වැකී//
දෙගුරුන් මිතුරන් සුපැතුම් මැද්දේ
අපේම ලොව අප තනිවූවේ
සුසුමක පාකර හසුන් යවා
දෙතැනක තනිවී හඬා දොඬා//
ගෙවූ අතිතෙන් අප සමුගන්නෙමු
අළුත් ලොවක රන් කිරුළු දරා"
Karadara Podi Benda – කරදර පොදි බැඳ,W.D.Amaradewa,,,Classics,"කරදර පොදි බැඳ ගැළ පිට පටවා
කරුමයෙ කළු ගොනු පෙරටුවෙ බැඳගෙන
මේ ජීවන මග අප යනවා
ඒ ගමනේ දුක් දාහෙ නිවාළන
සීපද මුවගින් පිට වෙනවා
සීපද මුවගින් පිට වෙනවා
අප යන මේ මඟ කළුගල් මතුවී
පය රත්වීලා බුබුළු නැගෙන සඳ
දෑසින් කඳුළැලි මතුවෙනවා
ඒ ගමනේ දුක් දාහෙ නිවාළන
සීපද මුවගින් පිට වෙනවා
සීපද මුවගින් පිට වෙනවා
කිරිගල්පොත්තේ කන්ද නගින විට
ගම සිටිනා ඔබ හදෙහි ඇඳෙනවා
ඒකෙන් ගමනට හිත දෙනවා
ඒ ගමනේ දුක් දාහෙ නිවාළන
සීපද මුවගින් පිට වෙනවා
සීපද මුවගින් පිට වෙනවා"
Kandulu Kiri Powa – කඳුළු කිරි පොවා,W.D.Amaradewa,,,Classics,"කඳුළු කිරි පොවා - තුරුලේ සෙනෙහසින් හදා//
කඳුළු විල දිගේ - නොපෙනී ගියාදෝ අම්මා
සත් පියුම් විලේ - විල මැද යළි පිපී දිලේ//
දුටු සඳ දරුවන් වෙත මවකගේ සෙනේ//
මිහිකත වුව හඬා වැටේ
නිවන් මන් පෙතේ- ඔබ ගිය මන් ලකුණු පෙනේ//
වඩිනා දා නිවන් පුතු සෙනේ වඩා//
මා දෙස බලනු මට දැනේ"
Kolom Thota – කොළොම් තොට,W.D.Amaradewa,,,Classics,"කොළොම් තොට නැත මහලු වී
අවන්හල නැත පැරණි වී
එදා හඩමයි අදත් යෞවනයේ
එහෙත් අප දෙදෙනා
බලන් කැඩපත සොදුරියේ
කුඹ ගසක් උඩ නැවතිලා
සිනහ සලමින් සදේ ඇයි සරදම්
බලන් කැඩපත සොදුරියේ
පාට වත්සුණු දෙකොපුලෙන් පිසදා
පෙරැම් පුරමින් හමුවෙලා
උනුන් රහසින් බැන්ද ආදර පෙම්
බලන් කැඩපත සොදුරියේ
කුමන අරැමද නරකෙසක් නැගිලා"
Ma mala Pasu – මා මළ පසු,W.D.Amaradewa,Mahagama Sekara,Somapala Alwitigala,"Request,Classics","මේ ලොව යම් කිසිවෙකු මා හට පෙම් කළ බව
එතකොට ඒ ගී රාවය
හීන් හඬින් මට කියාවි
මා මළ පසු සොහොන් කොතේ
දුක් ගීයක් ලියනු මැනව
දුක් ගීයක් ලියනු මැනව දුක් ගීයක් ලියනු මැනව
නන්නාඳුන්නා ඔබගේ
නන්නාඳුන්නා ඔබගේ අත් අකුරින් ලියනු මැනව
දුක් ගීයක් ලියනු මැනව දුක් ගීයක් ලියනු මැනව
අඬ සඳ බැසගෙන යන සඳ
සීතල අඳුරු රැයක
අඬ සඳ බැසගෙන යන සඳ
රෑ හි හඬන රැව් අතරින්
එතකොට ඒ ගී රාවය යාන්තමින් මට ඇසේවි"
Hise Gini Awilethe – හිසේ ගිනි ඇවිලෙතේ,Sunil Edirisinghe,Premakeerthi De Alwis,Victor Rathnayaka,Classics,"හිසේ ගිනි ඇවිලෙතේ පසේ බුදුවරු නැතේ
ඇසේ තෙත ඇත හිතේ පිසින්නේ කවුරුදෝ//
කඳුළු දනව්වේ උල්පතින්
හඬන හැඬුම් ගංගා ගලා
ඒ ඉවුරේ මෙසේ
ඒ ඉවුරේ මෙසේ
ලොවේ අය දිව යතේ
යුගෙන් යුගේ අත් වැල් බැඳී
යදම් වැලක් විලසින් ඇදී
නෑ නිවුණේ සදා
නෑ නිවුණේ සදා
මිනිස් කම මෙදියතේ"
Hindivi Kothanaka – හිඳීවි කොතැනක,Sunil Edirisinghe,Kularathna Ariyawansa,Rohana Weerasingha,"New Pop,Golden Oldies","හිඳීවි කොතැනක හෝ
හිමි කාරයා උපන් නුඹේ නමින්
වඩීවි කෙදිනක හෝ
ඒ එනතුරා හිත හදාගෙන ඉඳින් …//
ගඟකට සයුරක් මුණ ගැසේවී
රළකට වෙරළක් මඟ හිඳීවී ...//
නියඟට වැස්සක් ඇද හැලේවී
නුඹටත් කෙනෙක් හිඳීවී
දවසක සොයාන ඒවී
අකුලක පිපෙන නැවුම් මලක් සේ
නදියක නැගෙන තරංගයක් සේ ...//
නළලත සිඹින පවන් රොදක් සේ
නොසිතුව විටෙක ළඟාවී
නුඹ විඳි අඳුර නිවාවී"
Kale Pan Etha – කලේ පැන් ඇත,Sunil Edirisinghe,K.D.K.Dharmawardhana,Rohana Weerasingha,,"කලේ පැන් ඇත නැවුම් රහ නැත
මොකද මන්දා ලිඳට වූයේ
පුළුස්සා ගත් රොටිය කර වී
මොකද මන්දා ලිපට වූයේ
හදා ගත් ලුණු මිරිස රහ නැත
මොකද මන්දා දිවට වූයේ
සැලේ ගහ කොළ සුළඟ ඇත එද
සිහිල කොයි අත ගියාදෝ
කෝල බව මුසු සිනා හඬ නැත
සවන් බිහිරිව ගියාදෝ
පුරුදු නිවහන නුහුරු වී නම්
කාට මේ ගැන කියන්නෙම්
කාට මේ ගැන කියන්නෙම් මම
බිරින්දෑ නෑ ගම් ගොහින්
බිරින්දෑ නෑ ගම් ගොහින්
බිරින්දෑ නෑ ගම් ගොහින්"
Kandulu Denna – කඳුළු දෙන්න,Sunil Edirisinghe,Kumaradasa Saputhanthri,Rohana Weerasingha,Old Pops,"කඳුළු දෙන්න මට හඬන්න
සත් සමුදුරු ගොඩ ගලන්න
සුසුම් දෙන්න මට හෙලන්න
සක්වල ගල සසල වන්න
හිත උපන්න ආලවන්ත
ඒ රුව කෝ මට කියන්න
මගෙ තනියට මා පමණයි
ඇය එවන්න මා බලන්න
ලිහිණියනේ පියාඹන්න
ඇය ඇති තැන සොයා යන්න
මා මිය යන බව පවසා
ඇය එවන්න මා බලන්න"
